CDR3,DH(P10)_MelA-_TCRb_t01,DH(P10)_MelA+_TCRb_t01,DH(P10)_MelA+_TCRb_t02,DH_MelA-_TCRb_t01,DH_MelA+_TCRb_t01,DH_MelA+_TCRb_t02
CAARISNF,221,165,13,2526,501,0
CAWSLQGLGYGYTF,123,232,20372,67,18,0
CASSFGGYEQYF,4731,131,28582,8859,14106,0
CASSYGGEQFF,3880,136,211,822,195,0
CASSLAEGREAFF,36855,120,976,4504,2590,0
CASSTEDTPSSYNEQFF,0,0,1,0,0,32504
CASSPHSGTSVEQYF,3,0,234076,26282,30443,16539
CAASYGDKIIF,4456,0,5,344,143,0
CSARDETGNGYTF,609,0,596,302,800,0
CASSPMASYEQYF,568,0,23,26,52,0
CASNGDERTGSFMNTEAFF,2,0,552,34,738,0
CASSSGTGEPTIYF,48,0,253,112,25,0
CASSLIQGGIDYGYTF,782,0,1580,969,58,0
CASSRVASGSRETQYF,65,0,5,10,8,0
CASSPRGDSYEQYF,85,0,2643,841,1726,0
CASSFLGENYGYTF,1196,0,639,12,1192,0
CAYYGGSQGNLIF,417,0,753,3632,1426,0
CASSRDHEAFF,1,0,2,65,422,0
CASSWGRGHPGNTIYF,23,0,926,54,1148,0
CASSFLTHTEAFF,917,0,8,39,343,0
CASSELAGSYNEQFF,37,0,99,11,12,0
CASSAWVGSNQPQHF,1346,0,66,341,29,0
CASSSRAGYGLETQYF,1227,0,459,2642,2200,0
CAPKEGSQGNLIF,57,0,3,55,54,0
CAISEAGVNTEAFF,586,0,3809,210,1106,0
CASSPYPGNTAQETQYF,1324,0,42,14,787,0
CASSYSPTDGYTF,11,0,136,2935,3001,0
CASSPGGQDGYTF,452,0,758,12,198,0
CASSVGEEDEQYF,488,0,197,19,97,0
CASLTGMNTEAFF,5229,0,1322,3283,3095,0
CASSLEREGDTYEQYF,762,0,111,106,406,0
CAPGGSQGNLIF,1079,0,15,399,61,0
CASSNLDTSTDTQYF,575,0,28,155,170,0
CAAGALNF,4,0,1,10,8,0
CASSLTANTEAFF,1,0,79,18,0,0
CASSELPPNTEAFF,2100,0,20,2,0,0
CASSHMTGSLGPQHF,15,0,165,361,0,0
CASSFEQDYNEQFF,439,0,8,10,0,0
CASTQGYAEAFF,559,0,666,17,0,0
CASSQLSGEETQYF,24,0,171,19,0,0
CASSAGLASGYEQYF,66,0,1213,65,0,0
CAANSGNTPLVF,2,0,101,50,0,0
CASSPGQGYEQYF,30,0,0,0,0,14869
CAVGNTPLVF,1,0,0,0,0,10043
CASSTGLATDTQYF,0,0,1,0,0,7426
CASSEDPGQFYEQYF,0,0,11216,0,0,3277
CAVSDLTQGGSEKLVF,0,0,0,4079,2432,795
CASSLDRSGNTIYF,70,0,0,256,67,0
CSASEGTGETQYF,0,0,1474,75,1617,0
CASSYIGPTYEQYF,322,0,0,44,470,0
CASSPRQGPTETQYF,163,0,0,71,12,0
CASSSSLDYEQYF,0,0,1284,1184,538,0
CAYRSAYDYGGSQGNLIF,152,0,0,4406,154,0
CASSPAGYEQYF,9,0,0,16,7,0
CASSLTTNTEAFF,20,21,0,0,10,0
CATGLAADTQYF,331,0,0,49,36,0
CALTSGSARQLTF,0,0,1,4,36,0
CASSVAGGDEQYF,8,0,0,66,16,0
CASSPEKDVEQYF,11,0,96,0,55,0
CASSQLQGSVREQYF,16,0,0,25,47,0
CASSQVERTYEQYF,0,0,86,418,24,0
CASSQVSSSRFRDTQYF,75,0,0,7,30,0
CASSPPGQETQYF,0,0,106,12,2,0
CASSLLGEAYGYTF,3284,0,560,0,33,0
CASIKGHEQFF,130,0,0,13,770,0
CASSLSDTQYF,64,0,492,0,3,0
CASSQESLTDTQYF,1,0,0,58,57,0
CASSLGNTEAFF,226,0,0,14396,266,0
CASSLSRGAYEQYF,343,0,0,93,49,0
CAESPYGGSQGNLIF,1233,0,0,374,282,0
CASTPQGRDQPQHF,98,0,0,503,253,0
CASSQDVEAGVGFF,0,0,33,15,15,0
CASSSSESTEAFF,0,0,29,46,553,0
CASSPGRGPGTEAFF,313,0,0,78,32,0
CSVWGTDTQYF,526,0,0,10,9,0
CAVEGDKIIF,64,0,0,99,38,0
CASSSLTNTEAFF,37,0,0,33,26,0
CASSLRTDYEQYF,141,0,584,0,11,0
CASSLGPGAFF,13,0,0,875,3558,0
CASSQELAGPYEQYF,426,0,0,11,20,0
CASSSTANEQFF,931,0,0,250,3703,0
CATFPSGTAYNEQFF,0,0,1021,30,12,0
CASSLSGHQETQYF,240,0,0,23,1275,0
CASSYGQQETQYF,69,0,20,0,65,0
CAVGRQLTF,0,0,3,11,11,0
CASSQDRDSPYTEAFF,8079,0,0,571,949,0
CASSQGLVSNSPLHF,0,0,338,34,43,0
CASSPHSGTGVERYF,0,0,3,1,1,0
CASKDGAGNQPQHF,127,0,90,0,62,0
CASSSSYGYTF,24,0,0,2177,2231,0
CAYALGDDKIIF,152,0,473,0,11,0
CAVNRDDKIIF,126,342,0,0,14,0
CASSLSYEQYF,11,0,0,1,6,0
CALNVNPGGSEKLVF,0,0,440,39,117,0
CAVSGSQGNLIF,0,0,4015,9,0,0
CANSPHSGTSVEQYF,0,0,3,4,0,0
CASSPEDTMNTEAFF,90,0,0,6,0,0
CASSLPGPLEAFF,248,0,234,0,0,0
CASSVGRASEQYF,2,0,0,163,0,0
CASSYSLAYEQYF,95,0,0,7,0,0
CASSVQQGRAFF,14,1468,0,0,0,0
CAGQLRDSGNTPLVF,237,0,0,917,0,0
CASSPRSGTSVEQYF,0,0,11,1,0,0
CASSQDGEAPDTQYF,11,0,0,10,0,0
CASSPHSGTGVEQYF,0,0,3,1,0,0
CAWRSGTEAFF,2,0,0,13,0,0
CSVWDATGNTIYF,0,0,1663,238,0,0
CAVGRDDKIIF,1,0,0,30,0,0
CASSSADAPGEQYF,0,0,263,7,0,0
CASSLGGARNEQYF,1082,0,471,0,0,0
CALISGNTPLVF,10,0,0,6,0,0
CACSPHSGTSVEQYF,0,0,3,1,0,0
CASSPGQGGHEQFF,0,0,75,4,0,0
CASSTTTFTDTQYF,45,0,0,1,0,0
CASSLGVEREQYF,753,9,0,0,0,0
CASSHPTGYTEAFF,43,0,0,888,0,0
CASSTSTGSYGYTF,173,0,0,17,0,0
CAVNPRRDDKIIF,24,0,0,14,0,0
CASLTGMSTEAFF,2,0,0,1,0,0
CASSQEILQTGELFF,0,0,190,100,0,0
CASSYIEEITSYNEQFF,0,0,119,32,0,0
CASSQESLELYNEQFF,0,0,259,3,0,0
CASSPHSRTSVERYF,0,0,2,3,0,0
CASKLGAGAEDTQYF,67,0,329,0,0,0
CASSERGRVYEQYF,1454,0,0,106,0,0
CASSVTGTLAVDEQFF,0,293,14,0,0,0
CASSPPEESYEQYF,0,0,3,211,0,0
CAASGNTPLVF,0,0,11,25,0,0
CASSLSPIFGDGYTF,0,0,5765,974,0,0
CASSSLIQFQETQYF,30,0,0,39,0,0
CAYSLNYGGSQGNLIF,36,0,0,102,0,0
CAWSPGTFEQFF,4,65,0,0,0,0
CAVVNYGGSQGNLIF,37,0,0,5,0,0
CAADRDDKIIF,24,33,0,0,0,0
CASSQEWGTETQYF,1830,0,488,0,0,0
CASSPGLAAADTQYF,85,0,0,1,0,0
CASSEWAGAYEQYF,108,0,191,0,0,0
CASSLLAGGNTEAFF,328,0,301,0,0,0
CASSGLTDTQYF,101,0,0,1,0,0
CAVTDKIIF,2,0,0,8,0,0
CASSQFAGTPSIEQFF,0,59,79,0,0,0
CASSQGDSSEDIQYF,27,0,0,40,0,0
CASSDGTSGDNEQFF,72,0,0,13,0,0
CASSLGSGAFYGYTF,0,0,22,3,0,0
CASSLITNTEAFF,0,0,14,6,0,0
CASSLHSGTSVEQYF,0,0,2,1,0,0
CAMESYGGSQGNLIF,1872,0,0,6,0,0
CASSLGLRRVSYNEQFF,0,0,110,85,0,0
CASSPAGTTSFEQYF,144,53,0,0,0,0
CAVPAGTALIF,6,0,2,0,0,0
CATDGLSNF,28,0,273,0,0,0
CALSGLYKIIF,0,0,5,23,0,0
CASSYVVNTEAFF,5,0,3639,0,0,0
CASSLGTGGGYTF,14,0,0,4,0,0
CASSYSTWQGNTEAFF,87,0,11,0,0,0
CASNPGQGQPQHF,0,0,23301,976,224,256
CASSLDSGYTF,0,0,0,2,3,0
CARNSGNTPLVF,0,0,1401,0,1672,0
CASSEVTAEAFF,0,0,0,3,1,0
CASSATDYNEQFF,0,0,26,0,62,0
CAESTGKLIF,0,0,0,49,0,118
CASSYVELNQPQHF,0,0,0,52,42,0
CASSETGSPQPQHF,0,0,2996,0,38,0
CAAPKAGNTPLVF,0,0,0,273,47,0
CATSDFGLAGFGEQFF,0,0,0,31,432,0
CSAGMGLHYEQYF,0,0,0,363,10,0
CASITLAGSYNEQFF,1272,0,0,0,535,0
CASSFGLSGYTF,229,0,0,0,3,0
CATWDLESGTQYF,0,0,14,0,351,0
CASNLAGGIHTGELFF,0,0,270,0,95,0
CASTQGTLGQPQHF,0,0,0,1276,7,0
CAVGGSEKLVF,1427,0,0,0,88,0
CASSLVSGHEQFF,0,0,0,9,3,0
CASSIGTGVGYTF,0,0,0,74,408,0
CASSLGPNTEAFF,0,0,0,26,38,0
CSAKHLAGPDYEQYF,0,0,0,262,87,0
CASSFDLWKTSYNEQFF,0,0,0,21,39,0
CASSQDGSFADEQFF,0,0,0,303,163,0
CAVEDF,0,0,341,0,4,0
CSASPGTTEAFF,23,0,0,0,349,0
CAENMAGKLIF,0,0,0,16,15,0
CASSQVRGSQETQYF,0,0,0,6,241,0
CASRPQGGSYNEQFF,0,0,0,32,23,0
CASSEYKGTGEPQHF,1237,0,0,0,149,0
CASSPPGTAYNEQFF,0,0,511,0,4,0
CASSQGILTEHSGNTIYF,0,0,0,11,125,0
CAVQGGSQGNLIF,0,0,0,3,4,0
CASSLAAGLTEAFF,0,0,0,14,4,0
CAVADERDDKIIF,0,0,0,13,488,0
CATSRSLGQPQHF,0,0,0,57,23,0
CASSQDYSGAYGYTF,0,0,0,1712,1542,0
CATRDQRGGYNEQFF,0,0,0,439,285,0
CAGSPHSGTSVEQYF,0,0,1,1,1,41
CAGSPHSGTSAEQYF,0,0,2,0,1,0
CSVLLGSVYNEQFF,0,0,0,681,1039,0
CATALDPGQPNTEAFF,0,0,540,0,4,0
CASSFSGRYSYEQYF,10,0,0,0,4,0
CAVNGWGQNFVF,0,0,0,11,28,0
CSARDGTGNGYTF,165,0,186,0,88,18
CSVEGAGPDTQYF,210,0,0,0,2,0
CAISDGRLIPTDTQYF,122,0,0,0,3,0
CAFKLTHGTGKLIF,0,0,0,387,28,0
CASSYNPGTSIGEQFF,0,0,0,1514,3014,0
CASSPYSGTSVEQYF,0,0,7,0,1,0
CASRDGLRETQYF,0,0,0,86,315,0
CASSAGQGNYEQYF,0,0,0,163,76,0
CASSLGPDTQYF,0,0,0,9,11,0
CASRSSLGTGKFPGANVLTF,203,0,0,0,196,0
CATSSYGTGRGYTF,0,0,193,0,962,0
CASSLVGWTTQYF,0,0,0,184,2453,0
CASSAWETQYF,0,0,0,51,4,0
CTSSPHSGTSVEQYF,0,0,4,0,1,0
CAVWGRDDKIIF,0,0,0,3,57,0
CSVDLGTGEAFF,0,0,0,107,588,0
CASSYNPGTSVEQYF,0,0,0,2,2,0
CASSYSPTDGCTF,0,0,0,1,1,0
CASSIVGEQFF,0,0,0,2,10,0
CASSLGRVNEQFF,0,0,0,180,53,0
CAVRDDKIIF,0,0,0,2141,43,0
CASSQVGPMNTEAFF,0,0,227,0,0,11
CAALNF,73,0,0,0,44,0
CASSLGQLYQETQYF,0,0,21,0,6,0
CASSLKYTGNTEAFF,0,0,0,12,9,0
CASSPAGSADTQYF,0,0,0,24,0,3
CASSYIKGNEQYF,0,0,0,2,4,0
CSVEPQDSDSGNTIYF,0,0,126,0,6,0
CASSDRGYEQYF,0,0,0,12,14,0
CASSIYSQETQYF,0,0,0,9,18,0
CASSPHSGTSAERYF,0,0,3,0,1,0
CASRRDTQYF,486,0,446,9,305,1
CASSRRQGKETQYF,0,0,0,398,97,0
CASSPGPRAYEQYF,0,0,0,463,3,0
CAMDISYNTDKLIF,0,0,0,26,10,0
CASSTRQGLYNEQFF,0,0,0,49,27,0
CASSSTGYQETQYF,0,0,433,1563,99,1
CASSEYKGSPYEQYF,0,0,13,0,27,0
CASSPKGLVADTQYF,0,0,0,189,174,0
CASSGEYEQYF,0,0,0,16,26,0
CSASEYKDEQFF,0,0,0,38,28,0
CAWTLTGTGQPQHF,0,0,0,2900,2254,0
CASSIGVRMNTEAFF,43,0,0,0,5,0
CASSNSEGYTF,0,0,0,2091,1036,0
CAENGEADKIIF,0,0,0,27,734,0
CSVDRDYNEQFF,0,0,0,81,10,0
CASSQLTYNEQFF,0,0,0,31,31,0
CASSFGYEQYF,0,0,0,17,4,0
CASSLEGTEAFF,0,0,0,11,9,0
CASSQDRDSPHTGAFF,0,0,0,1,1,0
CASSLTSDNEQFF,1,0,0,0,6,0
CAVRVDF,0,0,284,73,32,1
CASLAGMNTEAFF,1,0,0,0,1,0
CASSLGLREVSYNEQFF,0,0,0,69,504,0
CASSLTKDEAFF,5,0,0,0,294,0
CASSLSVAEAFF,0,0,0,12,13,0
CAVDIWNRDDKIIF,0,0,3,0,33,0
CSAFLGSDTSYEQYF,0,0,0,11,19,0
CATSRDKSGANVLTF,0,0,323,0,51,0
CASSPHSGTSVKQYF,0,0,1,0,0,1
CASSIGWQPQHF,143,0,0,0,16,0
CASSLVGYGTQYF,0,0,0,16,163,0
CASSRLVDEQFF,0,0,0,180,523,0
CASSSDRGDTEAFF,0,0,12,0,30,0
CASSPGLDEQYF,0,0,0,272,420,0
CASSQMDSSTDTQYF,0,0,0,4,33,0
CASSLGDTEAFF,0,0,0,2,6,0
CASSDGRYQPQHF,0,0,0,1046,1938,0
CSARDTWNSVYEQYF,0,0,0,1972,1898,0
CASSRTDYNEQFF,59,0,0,0,7,0
CASSPHSGTSVERYF,0,0,2,0,1,0
CASSLAEDREAFF,3,0,0,0,1,0
CASSYFNEQFF,0,0,0,63,6,0
CASSDSLLGTEQYF,0,0,0,516,23,0
CATSPGLADTQYF,0,0,0,60,1508,0
CAVSIDF,0,0,2,0,0,1
CASRGAISNQPQHF,312,0,0,0,121,0
CASSYGLYNEQFF,0,0,0,15,10,0
CASSEVDSSYNEQFF,1,0,0,0,3,0
CAVLRDDKIIF,0,0,2179,0,0,1
CASGPYEQYF,0,0,0,4,2,0
CANTEAFF,0,0,0,1,4,0
CATSDSSGIHYNEQFF,0,0,0,52,93,0
CAWSTVSYEQYF,0,0,0,4,7,0
CATSVGQGTEAFF,0,0,0,3,13,0
CASSYINSEQYF,0,0,0,1,1,0
CASSHTPGNEQFF,1387,0,0,0,5,0
CASSYSLDYEQYF,0,0,0,188,485,0
CASSLAQGDTYQETQYF,0,0,0,2735,941,0
CASSLNYEQYF,0,0,0,7,10,0
CASSLGTGRETQYF,0,0,0,37,74,0
CASSIRSSYEQYF,0,0,0,1,31,0
CASSADGEQFF,0,0,0,324,5,0
CASSAGPNTEAFF,0,0,0,28,30,0
CAEKGGTALIF,0,0,11,0,35,0
CASSPSGPFTDTQYF,0,0,0,30,82,0
CASRAGGRVYNEQFF,0,0,0,735,3,0
CASSLAGTHGIQYF,0,0,0,1270,45,0
CSARTNRYEQYF,0,0,0,651,47,0
CASSQGTSGYEQYF,0,0,0,52,1714,0
CASSLGGTEAFF,0,0,47,0,0,1
CAFMLHHGSSNTGKLIF,0,0,0,241,39,0
CAVDPLNYGGSQGNLIF,0,0,0,1902,1928,0
CSARDSTGNGYTF,0,0,0,4,23,0
CASSPPGPRIQETQYF,0,0,0,432,322,0
CASSPHSGASVEQYF,0,0,109,0,20,0
CASSLQPVNTEAFF,0,0,24,0,116,0
CAGSPHSGASVEQYF,0,0,2,0,2,0
CASRPPGTAQETQYF,0,0,0,34,84,0
CASSSRGEQYF,209,0,0,0,7,0
CASSERGSYNEQFF,4870,0,0,0,3134,0
CAVTTMNRDDKIIF,298,0,0,0,21,0
CASSSPGSSYNEQFF,0,0,0,4,490,0
CASCMEGLTLYNEQFF,0,0,0,27,61,0
CAGPSGNTPLVF,0,0,0,6,1441,0
CAWTSTGTGQPQHF,0,0,0,2,1,0
CASSPGQSYEQYF,459,0,0,0,11,0
CATSRTGQHYGYTF,0,0,0,52,72,0
CAGGYSSASKIIF,0,0,0,53,48,0
CAVPPTGGFETIF,0,0,0,192,2,0
CARNGTDQETQYF,0,0,0,25,226,0
CASSFPNPGFADTQYF,0,0,0,831,885,0
CATSDLDRGGYF,37,0,0,0,9,0
CASSSQLAGIQETQYF,0,0,0,186,120,0
CASSDTSMDTQYF,0,0,0,7,23,0
CASATSGFSTDTQYF,0,0,0,4,10,0
CASSDSGANVLTF,1,0,0,0,28,0
CASNTSGDEQFF,0,0,0,567,465,0
CAASPPLIF,0,0,0,8,5,0
CASSGDGYTF,0,0,0,294,422,0
CASSGRSQGQEEQYF,0,0,0,7,17,0
CASSPPGGSFYNEQFF,0,0,0,438,95,0
CASGLTSYTF,5459,0,0,0,193,0
CAVSATNF,0,0,0,3,7,0
CAMSGDDKIIF,3,0,0,0,5,0
CASSSHPGESEAFF,0,0,6,0,9,0
CASGSYPYEQYF,0,0,0,46,204,0
CAVERKGQTGANNLFF,36,0,0,0,25,0
CASSLGQDYNEQFF,0,0,0,19,10,0
CASSPLGSGEQYF,0,0,0,10,15,0
CASSLVLAGEQFF,164,0,0,0,163,0
CASSIENNEQFF,6,0,0,0,19,0
CASSTSLDSSSYNSPLHF,0,0,0,50,1236,0
CAFKDDKIIF,0,0,8,0,40,0
CASSPRLYPMETQYF,0,0,0,3391,3598,0
CASSQAGVGTEAFF,0,0,76,0,0,1
CASSFPSGLTSGRTFTDTQYF,0,0,0,88,16,0
CAGSGAGSYQLTF,0,0,3,0,3,0
CASSHKVQGLMNTEAFF,0,0,0,100,50,0
CASSESYEQYF,0,0,0,328,5,0
CASTLQGGDTEAFF,0,0,340,0,900,0
CATSDPDTILASEAFF,0,0,0,211,297,0
CASSVAGGPYNEQFF,0,0,0,1784,520,0
CASSYAGSYGYTF,0,0,0,512,3808,0
CASSERTQVNQPQHF,0,0,0,7680,1879,0
CAAPHNTDKLIF,0,0,0,16,11,0
CAVNQAGTALIF,0,28,0,0,4,0
CASSYVQVTDTQYF,0,0,0,361,592,0
CASSYAEQETQYF,0,0,0,236,504,0
CAVPPMTNRDDKIIF,0,0,0,7,30,0
CASTMGQGSEQFF,2,0,0,0,127,0
CAWSGRQGSYNEQFF,185,0,0,0,4,0
CAVFFPDF,27,0,0,0,191,0
CARPPSSASKIIF,0,0,0,98,56,0
CSVVPIEREQFF,0,0,0,14,0,0
CASSFQETQYF,0,0,0,129,0,0
CATALNQAGTALIF,0,0,48,0,0,0
CASSIATRTGKYEQFF,0,0,0,199,0,0
CAVRPADKIIF,0,0,0,108,0,0
CALRPSNTGKLIF,46,0,0,0,0,0
CASSLPSDSVYEQYF,0,0,0,1,0,0
CASSRTSGANEQYF,3,0,0,0,0,0
CASSYVANTEAFF,0,0,1,0,0,0
CASSVGGVNTEAFF,0,0,0,6,0,0
CASSFLGDTDTQYF,0,0,0,9,0,0
CASSFDLSSEAEQFF,183,0,0,0,0,0
CSAGQGDNEQFF,0,0,0,7,0,0
CSVDSTDTRYF,0,0,1,0,0,0
CAAFTNF,0,0,0,41,0,0
CASSLSDRPNSPLHF,14,0,0,0,0,0
CASSAGTSGEEFF,0,0,0,1,0,0
CASSRTDTQYF,4,0,0,0,0,0
CASSPVDGIQETQYF,0,0,0,17,0,0
CASDQDRDSPYTEAFF,3,0,0,0,0,0
CASSIGRNEQFF,12,0,0,0,0,0
CASRISPGYYEQYF,0,0,0,9,0,0
CASRGRDGTQYF,0,0,0,2,0,0
CASRDSLGDYGYTF,30,0,0,0,0,0
CASRVGPRSYNEQFF,0,0,0,2,0,0
CAGSPRGDSYEQYF,0,0,1,0,0,0
CSASPADKYNEQFF,3,0,0,0,0,0
CASSESHVVPMVGQPQHF,132,0,0,0,0,0
CASNEGTNTEAFF,5,0,0,0,0,0
CASSPRNEQFF,0,0,0,32,0,0
CAWSWTGGTEAFF,0,0,0,9,0,0
CASSSDQGLVNTEAFF,160,0,0,0,0,0
CARLSNTDKLIF,2,0,0,0,0,0
CASSGDPGQYYEQYF,0,0,2,0,0,0
CAAQGMWSDKIIF,0,0,0,1,0,0
CAISALLADTQYF,3,0,0,0,0,0
CASSQENAGWGNEQFF,40,0,0,0,0,0
CATLHGTAGANVLTF,162,0,0,0,0,0
CAYRTFEGGSEKLVF,0,0,0,3,0,0
CASSLLRQQETQYF,0,0,0,161,0,0
CASSPRPYPMETQYF,0,0,0,1,0,0
CASSSLAGTSSYEQYF,29,0,0,0,0,0
CASSQVEQILGGYTF,0,0,0,14,0,0
CASSLDRNQETQYF,0,0,3,0,0,0
CATEAFF,4,0,0,0,0,0
CASSQDKGSSNQPQHF,62,0,0,0,0,0
CASSMDERNYGYTF,7,0,0,0,0,0
CASSLASGGFDGYTF,7,0,0,0,0,0
CARNSGNTLLVF,0,0,1,0,0,0
CAIQDRDSTDTQYF,0,0,0,2,0,0
CASSFSRAYEQYF,0,0,0,8,0,0
CASSSGPSYGYTF,0,0,0,5,0,0
CAASAEGGSEKLVF,1,0,0,0,0,0
CASSYVVSTETFF,0,0,1,0,0,0
CASSQGDYSYNEQFF,7,0,0,0,0,0
CASSNYEQYF,0,0,0,5,0,0
CASSPQVTEAFF,0,0,0,17,0,0
CASSLYRDAQETQYF,0,0,0,245,0,0
CASSLGEHSYEQYF,71,0,0,0,0,0
CASGYAKETQYF,5,0,0,0,0,0
CAVSVQTQGGSEKLVF,0,0,0,1,0,0
CASGVEANYGYTF,0,0,0,2,0,0
CASSSGLFAYEQYF,0,0,0,185,0,0
CASSEGTNAEAFF,1,0,0,0,0,0
CASSLAIQGGDTDTQYF,0,0,0,50,0,0
CASSHRTLSYTEAFF,1,0,0,0,0,0
CATSREGISYEQYF,15,0,0,0,0,0
CASSQASGAAQYF,10,0,0,0,0,0
CAEGLNYGGSRGNLIF,3,0,0,0,0,0
CASSEGQPEQFF,0,0,0,9,0,0
CASSPNYNEQFF,0,0,0,24,0,0
CASSIIPASYNEQFF,0,0,0,610,0,0
CASRAPGLHYEQYF,0,0,0,2,0,0
CASSLARLTYNEQFF,0,0,0,1,0,0
CASSLYSESTYEQYF,0,0,0,8,0,0
CASSLSGNSYNEQFF,51,0,0,0,0,0
CASSVENRQRYNSPLHF,191,0,0,0,0,0
CASSRTSGVPGNEQFF,60,0,0,0,0,0
CASSERGVPYEQYF,0,0,0,17,0,0
CASSPGTDSTDTQYF,0,0,0,322,0,0
CASSIRAPYNEQFF,132,0,0,0,0,0
CATSSTSDYAYEQYF,2,0,0,0,0,0
CASSLEPLSYEQYF,0,0,0,7,0,0
CASSDSSGATDTQYF,6,0,0,0,0,0
CASSFGGYGQYF,0,0,1,0,0,0
CAASEGRDDKIIF,6,0,0,0,0,0
CSARVATEAFF,0,0,0,6,0,0
CASSLRAASIQETQYF,56,0,0,0,0,0
CAASGLLISNF,0,0,0,1,0,0
CASRISGNQPQHF,0,0,0,22,0,0
CASGLLSSYNEQFF,0,0,1918,0,0,0
CASSYAVNTEAFF,0,0,1,0,0,0
CASSPGTGMNTEAFF,0,0,0,11,0,0
CASSLGLRGVSYNEQFF,0,0,17,0,0,0
CSVVEGPSYEQYF,51,0,0,0,0,0
CASSQALGQGETQYF,0,0,0,17,0,0
CASSLNRGRGEQFF,272,0,0,0,0,0
CASSPIALADYNEQFF,0,0,0,2,0,0
CASSFRRGHKNTIYF,3,0,0,0,0,0
CASSPLGAQADEAFF,154,0,0,0,0,0
CARDGSSNTGKLIF,0,0,211,0,0,0
CASSDIGLKANVLTF,85,0,0,0,0,0
CASSLGSSQDEQYF,0,0,0,3,0,0
CASSPGTDYEQYF,0,0,0,2,0,0
CASSQAVTSANEQLF,0,0,1,0,0,0
CASSPRSGTSVEQHF,0,0,1,0,0,0
CASSSAYEQYF,535,0,0,0,0,0
CAVKIIF,0,0,2120,0,0,0
CASRRTPTYEQYF,1,0,0,0,0,0
CASTPSDVAGYGYTF,0,0,151,0,0,0
CASSLVGTGALDYEQYF,1,0,0,0,0,0
CASSYGTHTEAFF,4,0,0,0,0,0
CAGGQNRDDKIIF,0,120,0,0,0,0
CASSPHSGTSVEQHF,0,0,4,0,0,0
CASRDMGAGQPQHF,0,0,0,64,0,0
CASSGGRYQSQHF,0,0,0,1,0,0
CASSFDGSSYNEQFF,16,0,0,0,0,0
CASRTGMNTEAFF,0,0,24,0,0,0
CASSHEKGTEAFF,205,0,0,0,0,0
CASSLVGLAEGAANEQFF,0,0,0,69,0,0
CASSQRHSSSYNEQFF,0,0,0,2,0,0
CAVGSGNTPLVF,0,0,76,0,0,0
CASSLRDTDHEQFF,0,0,0,2,0,0
CASSGTSGPEQYF,94,0,0,0,0,0
CASSRSGTGAAEHEQYF,29,0,0,0,0,0
CATSDVSDTQYF,6,0,0,0,0,0
CATSREPREAGPSLHF,78,0,0,0,0,0
CASSLDRQAEYEQYF,0,0,0,556,0,0
CASSFAPSSYNEQFF,5,0,0,0,0,0
CAADRDSYEQYF,190,0,0,0,0,0
CASSLVSETQYF,5,0,0,0,0,0
CASSHDSRYEQYF,2,0,0,0,0,0
CASSLSQGGYGYTF,0,0,2759,0,0,0
CAVENTGGFKAIF,0,0,2,0,0,0
CASSPIHLGIDQPQHF,70,0,0,0,0,0
CASSREQGTYNEQFF,0,0,528,0,0,0
CAIPKWGSSNTGKLIF,2,0,0,0,0,0
CASSFGDEQFF,0,0,0,7,0,0
CALREAGTALIF,101,0,0,0,0,0
CASSQAETSANEQFF,0,0,1877,0,0,0
CASSFRTGWYGYTF,0,0,0,717,0,0
CALSEEYSSASKIIF,0,0,0,7,0,0
CASSFPTASYYEQYF,1,0,0,0,0,0
CASSFRSSGLNNEQFF,1,0,0,0,0,0
CASSYGETQYF,25,0,0,0,0,0
CASSPNSGHEQYF,0,0,0,217,0,0
CAYRSAGGSQGNLIF,0,0,0,10,0,0
CANSLAEGREAFF,1,0,0,0,0,0
CAGSLSFMNTKAFF,0,0,1,0,0,0
CAGVGYGGSQGNLIF,0,0,35,0,0,0
CSAKESRDTEAFF,0,0,0,23,0,0
CASSQTGLLHEQYF,0,0,0,3,0,0
CASSYSNSGANVLTF,0,0,895,0,0,0
CATSRELIETQYF,10,0,0,0,0,0
CASSLGPLNEQFF,0,0,0,2,0,0
CASRGLAGGFDEQFF,0,0,18,0,0,0
CASSSSGTSDTQYF,0,0,0,2294,0,0
CSASLRDSSYEQYF,0,0,0,3,0,0
CASSLPADGYTF,0,0,0,4,0,0
CALPRRRDDKIIF,0,0,578,0,0,0
CASSQDGPSWEQYF,8,0,0,0,0,0
CAWSVPTQAFF,16,0,0,0,0,0
CASSIGVQPQHF,0,0,0,2,0,0
CAGSEGPGQFYEQYF,0,0,3,0,0,0
CASSSNRNTEAFF,0,0,0,5,0,0
CASSLAGLTDTQYF,0,0,0,14,0,0
CASSYGQASYEQYF,0,0,0,14,0,0
CTSRPEPLAEGIHNEQFF,0,0,2,0,0,0
CASSPLGALADEAFF,3,0,0,0,0,0
CASSYSGQRADDTEAFF,0,0,12,0,0,0
CAEKNQAGTALIF,0,0,0,7,0,0
CAVASNTGKLIF,2,0,0,0,0,0
CASTSDRTNLFSYEQYF,43,0,0,0,0,0
CASSKRGTECSYNEQFF,8,0,0,0,0,0
CASSLSGNYVYTF,195,0,0,0,0,0
CAYVGDDKIIF,0,0,0,19,0,0
CAVKGSQGNLIF,25,0,0,0,0,0
CSAQIDLVTEAFF,66,0,0,0,0,0
CSARDRNSNYGYTF,0,0,0,255,0,0
CASSLVNRPADTQYF,66,0,0,0,0,0
CASSPQNTEAFF,0,0,0,4,0,0
CASSLEGRGLDEQYF,26,0,0,0,0,0
CASSLLAMASGEVPGETQYF,1476,0,0,0,0,0
CASGLVAGANKERFF,0,0,0,1,0,0
CASSQEGTSSYEQYF,0,0,0,13,0,0
CAVNVNRDDKIIF,0,0,0,6,0,0
CAATSGANVLTF,0,0,0,20,0,0
CASSGRLAGFYNEQFF,15,0,0,0,0,0
CASSLEQDYGYTF,0,0,0,4,0,0
CAGGSQGNLIF,0,0,0,25,0,0
CASSDGTSGYTF,0,0,73,0,0,0
CASSQDRGLNTEAFF,0,0,0,9,0,0
CASGDRADTQYF,10,0,0,0,0,0
CASSQDRDSPYTAAFF,1,0,0,0,0,0
CASSQEPDYEQYF,11,0,0,0,0,0
CASSPQNSEETQYF,0,0,0,2,0,0
CAGPESNTGKLIF,69,0,0,0,0,0
CATSDGTSGFNEQYF,0,0,0,15,0,0
CASSLGNAEALF,0,0,0,1,0,0
CASSLGTHTEAFF,44,0,0,0,0,0
CASSHITRVYSYEQYF,2,0,0,0,0,0
CASRFRVAEAFF,0,0,470,0,0,0
CASSLVIPYEQYF,178,0,0,0,0,0
CSARTGTGMDTQYF,3,0,0,0,0,0
CASSVPGGRETQYF,3,0,0,0,0,0
CASSITSTQETQYF,0,0,0,8,0,0
CASSLEPQSYGYTF,3,0,0,0,0,0
CASSWDTYNEQFF,2,0,0,0,0,0
CSVGPNNEQFF,0,0,0,16,0,0
CSVEGQGYGYTF,0,0,9,0,0,0
CASSSTPGRVDNEQFF,1,0,0,0,0,0
CASSSPGQVNFYEQYF,8,0,0,0,0,0
CASSLQGGGTEAFF,0,0,0,18,0,0
CASSLVPGEETQYF,0,0,0,199,0,0
CSVGSTGNYGYTF,0,0,0,26,0,0
CASSPDSSGNTDTQYF,0,0,0,157,0,0
CSASLASVYYEQYF,0,0,0,3,0,0
CAWSVMGSVEQYF,46,0,0,0,0,0
CASSLSGQSNQPQHF,0,0,0,75,0,0
CAGPDGNTGKLIF,0,0,0,1,0,0
CASSLATSHEQYF,0,0,0,4,0,0
CSARDSGNGEQYF,0,0,0,39,0,0
CASSVGSAGGTYEQYF,61,0,0,0,0,0
CASSSTGLTYEQYF,0,0,0,6,0,0
CAWTQTYNEQFF,0,0,0,8,0,0
CSGVSMETQYF,0,0,7,0,0,0
CASSERTRVNQPQHF,0,0,0,3,0,0
CASSHDRDSPYTEAFF,2,0,0,0,0,0
CAGGGSQGNLIF,0,0,0,36,0,0
CAVRGDKIIF,0,0,0,3,0,0
CALGELSNTGKLIF,0,0,0,8,0,0
CSVDRRGDFGSFF,0,0,1,0,0,0
CASSPRTSGVREQFF,0,0,0,18,0,0
CASGTGVDEQYF,65,0,0,0,0,0
CAMREVGGGFKTIF,20,0,0,0,0,0
CASSFPGTASELTDTQYF,50,0,0,0,0,0
CSVDRGVSEAFF,144,0,0,0,0,0
CASSYHPGDGYTF,0,0,0,1,0,0
CASSRLPQETQYF,355,0,0,0,0,0
CSAAGTSYEQYF,78,0,0,0,0,0
CASVSRPATDTQYF,49,0,0,0,0,0
CASRLARQGPSTEAFF,0,0,0,1,0,0
CASSKGGQGTTYEQYF,73,0,0,0,0,0
CASSPESPRGTDTQYF,0,0,0,1,0,0
CATFPTSASSTDTQYF,0,0,0,6,0,0
CATFPSGTAHNEQFF,0,0,1,0,0,0
CASKIGLAASYEQYF,331,0,0,0,0,0
CASSQGQAPNSPLHF,41,0,0,0,0,0
CTSSYGGERFF,2,0,0,0,0,0
CAASTRKNRDDKIIF,6,0,0,0,0,0
CASSPHNGLIRGGYTF,4,0,0,0,0,0
CASSFLTNTEAFF,6,0,0,0,0,0
CAFYSGNTPLVF,0,0,0,27,0,0
CASTLGLWANVLTF,2,0,0,0,0,0
CASSGVGYEQYF,0,0,0,2,0,0
CASSSQQGTQHF,118,0,0,0,0,0
CASSLLGRSSYEQYF,13,0,0,0,0,0
CASSSTVSSVIEAFF,0,0,1,0,0,0
CAGQGGGSQGNLIF,59,0,0,0,0,0
CASSLSPNTEAFF,2,0,0,0,0,0
CASSPQWTSGMNEQFF,0,0,0,4,0,0
CAASSRGNTPLVF,13,0,0,0,0,0
CASSATGASTDTQYF,0,0,0,5,0,0
CAWTWDSPNYGYTF,129,0,0,0,0,0
CATSRDASNTGELFF,47,0,0,0,0,0
CATRQGTNDNEQFF,0,0,0,2,0,0
CASSTRDRSYEQYF,236,0,0,0,0,0
CASSRRGGIDQPQHF,2,0,0,0,0,0
CASSLWGREETQYF,0,0,0,3,0,0
CASSYVNQPQHF,29,0,0,0,0,0
CASRIGPRSHNEQFF,0,0,0,1,0,0
CASSQPEWFANYGYTF,0,0,60,0,0,0
CAYRSASRDDKIIF,0,0,0,10,0,0
CASSPGTGVANYGYTF,0,0,0,7,0,0
CASSSPLDYEQYF,0,0,1,0,0,0
CAESKNTGKLIF,0,0,0,2075,0,0
CASSGGLSLGYTF,75,0,0,0,0,0
CASSQEAAEAFF,225,0,0,0,0,0
CACSRGSDSAYGHTF,0,0,0,1,0,0
CAGANGDPGNSSLVF,1,0,0,0,0,0
CASSLRSTEAFF,0,0,0,1,0,0
CASSWDRGAYEQYF,0,0,0,3,0,0
CSAITRQQETQYF,168,0,0,0,0,0
CASSYRPGNEQFF,14,0,0,0,0,0
CASSFLTDEAFF,0,0,0,7,0,0
CASTADTGRNEQFF,0,0,99,0,0,0
CASSLQGGGTDAQYF,0,0,0,1,0,0
CATSRDNNEQFF,8,0,0,0,0,0
CSVISHTEAFF,0,0,0,1133,0,0
CASSAALAESSYNEQFF,0,0,0,33,0,0
CASSMGQNTEAFF,0,0,0,41,0,0
CASSPGTGFLEQYF,0,0,0,22,0,0
CASSHSGTTQETQYF,0,0,205,0,0,0
CASSLDRDVSNSPLHF,0,0,0,90,0,0
CANSSAHEQYF,1,0,0,0,0,0
CAWSTGHSNQPQHF,0,0,0,3,0,0
CASSLEPTDTQYF,0,0,0,2,0,0
CASSPVGVHEQYF,0,0,0,3,0,0
CSAGDTWSSVYEQYF,0,0,0,1,0,0
CAVVQAGTALIF,2,0,0,0,0,0
CASSLGGQGLDEQYF,0,0,2,0,0,0
CASSVGSDSYEQYF,12,0,0,0,0,0
CSAILVLAAYTDTQYF,2,0,0,0,0,0
CAWSLQGLGYGHTF,0,0,0,31,0,0
CASSPGGEQYF,176,0,0,0,0,0
CASSLAALQETQYF,0,0,0,51,0,0
CASTPYLGEQFF,12,0,0,0,0,0
CAVEDYDGIIF,0,0,0,1,0,0
CAASLSNF,12,0,0,0,0,0
CAVSDQTQGGSEELVF,0,0,0,2,0,0
CALSLANQAGTALIF,6,0,0,0,0,0
CASSLGRATGVSIEQYF,133,0,0,0,0,0
CASSQRAAEAFF,29,0,0,0,0,0
CASSLALRSADTQYF,91,0,0,0,0,0
CASGWDREHEQYF,0,0,0,111,0,0
CASSPTSGAYTQYF,508,0,0,0,0,0
CASSHEGEYGYTF,0,0,0,6,0,0
CASSLGYEQYF,200,0,0,0,0,0
CASSLRAPASGRPRSYNEQFF,0,0,0,3475,0,0
CASSQDQDYEQYF,46,0,0,0,0,0
CSALSTEASNQPQHF,10,0,0,0,0,0
CAESKYGGSQGNLIF,0,0,0,940,0,0
CAMTTSSNTGKLIF,0,0,562,0,0,0
CSAREASTGEQYF,0,0,0,34,0,0
CASSYSMGLEQYF,1,0,0,0,0,0
CASSLSRANTEAFF,0,12,0,0,0,0
CASSYSGEQFF,2,0,0,0,0,0
CASITLVGSYNEQFF,1,0,0,0,0,0
CAVLEANQAGTALIF,0,0,0,2,0,0
CASSLELAGSYEQYF,0,0,0,2,0,0
CASSLDGNGYTF,0,0,0,92,0,0
CASSLLTNTEAFF,1076,0,0,0,0,0
CASILPGPEIYTF,3,0,0,0,0,0
CASSPGTSDTNEQFF,0,0,0,83,0,0
CAISESGAVRPYNEQFF,0,0,3,0,0,0
CASMRTSGSTDTQYF,0,0,0,86,0,0
CASRARLQETQYF,81,0,0,0,0,0
CAATNYGGSQGNLIF,30,0,0,0,0,0
CALRGGRDDKIIF,136,0,0,0,0,0
CASSLSGGYGYTF,25,0,0,0,0,0
CASSLSLGSGSGTDTQYF,0,0,0,4,0,0
CASSELGLGQPQHF,0,0,273,0,0,0
CSVESPAGTSAYEQYF,34,0,0,0,0,0
CASSQTGHQETQYF,2,0,0,0,0,0
CASSLGGVSYNERFF,1,0,0,0,0,0
CAVNIARIRGSQGNLIF,0,0,0,29,0,0
CAVGDLTQGGSEKQVF,0,0,0,1,0,0
CATSRGTSGEADTQYF,0,0,0,162,0,0
CASSPHPGTSVEQYF,0,0,16,0,0,0
CASSYSSKEQYF,2,0,0,0,0,0
CASSSTTSFGETQYF,2720,0,0,0,0,0
CASGLVPGEEPQYF,0,0,0,2,0,0
CASSFPTGSSYEQYF,0,0,0,5,0,0
CAYRSPMGNQFYF,0,0,0,8,0,0
CASTSTLGSGTQYF,37,0,0,0,0,0
CASSRREYAQETQYF,9,0,0,0,0,0
CASSVGPTYEQYF,0,0,0,3,0,0
CAVMNF,0,0,0,2007,0,0
CAYLQGGSEKLVF,0,0,0,74,0,0
CASSLSRTDTQYF,70,0,0,0,0,0
CASSWGEETQYF,12,0,0,0,0,0
CASSLGDYYNEQFF,0,0,0,55,0,0
CASGLGNTEAFF,0,0,0,2,0,0
CASSQRTLYEQYF,5,0,0,0,0,0
CASSYTGEDRYTF,0,0,0,2,0,0
CASSLGNAEAFF,0,0,0,1,0,0
CASSSEDQGTQYF,230,0,0,0,0,0
CASSSTPIQYLNTEAFF,9,0,0,0,0,0
CSARTDSCGYTF,0,0,0,7,0,0
CASSASGNTEAFF,0,0,0,7,0,0
CASSYGGPYTEAFF,0,0,1,0,0,0
CASSPVGYNSPLHF,17,0,0,0,0,0
CASGAAGGTEAFF,0,0,0,663,0,0
CSARDQGQGAFAYGYTF,0,0,115,0,0,0
CASSTDPTSNQPQHF,69,0,0,0,0,0
CASSLGNTETFF,0,0,0,1,0,0
CASSLATGELFF,38,0,0,0,0,0
CASSYNHRSNYGYTF,0,0,0,5,0,0
CALSEAGGGSQGNLIF,1,0,0,0,0,0
CASSLSNERFF,2,0,0,0,0,0
CAVSGRDDKIIF,17,0,0,0,0,0
CASSQESNEQFF,0,0,0,36,0,0
CASSQDGGSSSYNSPLHF,0,0,0,24,0,0
CASSYSLGAVNTEAFF,0,0,0,40,0,0
CASSLEREEDTYGQYF,1,0,0,0,0,0
CALRIIF,0,0,6,0,0,0
CASSEKGTYEQYF,0,0,100,0,0,0
CAWREGQSYGYTF,0,0,0,33,0,0
CSAQSYEQYF,22,0,0,0,0,0
CASSETPLREGMPQETQYF,0,0,0,373,0,0
CASRPGDTEALF,0,0,0,1,0,0
CASSYGTVGEAFF,0,0,0,3,0,0
CASSQLAEQETQYF,0,0,19,0,0,0
CASSSLEETQYF,0,0,17,0,0,0
CASSVGGNQPQHF,79,0,0,0,0,0
CASSLGRYEQYF,0,0,0,4,0,0
CASSLGLDPSTDTQYF,0,0,2,0,0,0
CASSQLDLPGTQYF,3,0,0,0,0,0
CASSRLEGPTYNEQFF,134,0,0,0,0,0
CASTQYF,0,0,0,1,0,0
CAAPNYGGSQGNLIF,34,0,0,0,0,0
CASSPGTLAVYGYTF,131,0,0,0,0,0
CSAIRDGEAFF,2,0,0,0,0,0
CASSETIQPYGYTF,0,0,0,9,0,0
CALSEAEGGSQGNPIF,1,0,0,0,0,0
CASSLGQNQSYNEQFF,1,0,0,0,0,0
CASSLGFGYEQYF,0,0,128,0,0,0
CASSLDTDTQYF,2,0,0,0,0,0
CASSLGWARGIYEQYF,0,0,0,1,0,0
CASSLQTGGVSPLHF,0,0,0,3,0,0
CASSPTSVEQYF,0,0,0,1,0,0
CAVSDQTQGGSEKLVF,0,0,0,6,0,0
CAVLGQAGTALIF,0,0,0,4,0,0
CASSFPGQETGANVLTF,0,0,0,9,0,0
CASSLGVNEQFF,0,0,0,9,0,0
CAGSLLTYTEAFF,2,0,0,0,0,0
CALKIIF,0,0,1,0,0,0
CASSRIFQNTEAFF,0,0,456,0,0,0
CASSLSAQGYTF,11,0,0,0,0,0
CASSEADRIPYEQYF,0,0,0,2,0,0
CANSPHSGASVEQYF,0,0,0,3,0,0
CASSYNPGTSISKQFF,0,0,0,1,0,0
CASSQETQETQYF,16,0,0,0,0,0
CALSDPDNYGQNFVF,0,0,0,7,0,0
CSARRVETQYF,0,0,0,6,0,0
CAWRVMGLGTEAFF,0,0,75,0,0,0
CASLLQGNTEAFF,0,0,0,19,0,0
CASSVGGVQPQHF,0,0,0,32,0,0
CASSLGTSSTDTQYF,0,0,16,0,0,0
CASRGSGEQFF,137,0,0,0,0,0
CAISYGDKIIF,2,0,0,0,0,0
CASSQDQTYTIYF,0,0,0,25,0,0
CASSSALGEDTQYF,2,0,0,0,0,0
CASSPDDSTDTQYF,0,0,0,42,0,0
CASSERERVYEQYF,26,0,0,0,0,0
CASSYSKDSNQPQHF,30,0,0,0,0,0
CASSGPGEQETQYF,0,0,0,9,0,0
CASSQDRDSPYAEAFF,1,0,0,0,0,0
CASSSYSGTSVEQYF,0,0,3,0,0,0
CASSKGGEQYF,0,0,0,92,0,0
CASSLSPGSYEQYF,0,0,7,0,0,0
CASSPDGQETQYF,0,0,0,5,0,0
CASANSNQPQHF,0,0,62,0,0,0
CASSPGTVLETQYF,1,0,0,0,0,0
CASSATSGGKDEQFF,4,0,0,0,0,0
CASRPRGNQPQHF,0,0,2,0,0,0
CANSPYSGTSVEQYF,0,0,1,0,0,0
CASSPPGTGAGNIQYF,79,0,0,0,0,0
CASSFGINTEAFF,5,0,0,0,0,0
CASSLAWTGRDTQYF,4,0,0,0,0,0
CASSPQDSETQYF,0,0,0,4,0,0
CAMSGEDF,0,0,12,0,0,0
CASSVARGDEQHF,0,0,0,1,0,0
CAVGQPRDDKIIF,0,0,0,2,0,0
CASIGSNYGYTF,0,0,0,20,0,0
CATSDGNRDDKIIF,0,0,0,1,0,0
CSVIGEGSYEQYF,118,0,0,0,0,0
CASSLRPYEQYF,0,0,0,43,0,0
CASSEVKTSSF,0,0,0,9,0,0
CASSQDLVGTGIRETEAFF,0,0,0,7,0,0
CASSLGGLNEQFF,4,0,0,0,0,0
CASSPYSGTGVEQYF,0,0,2,0,0,0
CASSLLGHTEAFF,0,24,0,0,0,0
CASSLVTHTEAFF,15,0,0,0,0,0
CASSSGQTFYNEQFF,0,0,0,7,0,0
CAADYGGSQGNLIF,10,0,0,0,0,0
CASSPSGVSHNEQFF,1,0,0,0,0,0
CASSSGQLEQYF,44,0,0,0,0,0
CASSIWGQGNQPQHF,109,0,0,0,0,0
CASSYSSGELYNEQFF,0,0,0,8,0,0
CASSPWTGSETQYF,0,0,0,94,0,0
CASSPDRGINTEAFF,0,0,0,4,0,0
CAVPWWWQFF,0,0,0,31,0,0
CAGPSGNAPLVF,0,0,0,2,0,0
CASSPGAADTQYF,78,0,0,0,0,0
CASSYSVSYERYF,1,0,0,0,0,0
CAGSPNSGTSVEQYF,0,0,1,0,0,0
CASSHWDREQYF,339,0,0,0,0,0
CASSADTIEAFF,0,0,0,4,0,0
CASSRTGSTDTQYF,0,0,0,2,0,0
CASSLLANTEAFF,0,0,0,1,0,0
CASSLGPVETQYF,0,0,21,0,0,0
CSARAADSYNEQFF,0,0,0,4,0,0
CASSLVTSSYNEQFF,0,0,0,5,0,0
CASSLAEGRKAFF,0,0,0,1,0,0
CASSLDGYEQYF,2,0,0,0,0,0
CASSLGQGMNTEAFF,69,0,0,0,0,0
CAISEERGGYTF,0,0,0,7,0,0
CASSLYEQYF,0,0,0,2,0,0
CAYEGAYDYGGSQRNLIF,0,0,0,2,0,0
CASSLSGVSYHEQLF,1,0,0,0,0,0
CAVETGKLIF,0,0,127,0,0,0
CASSSPSAGTEAFF,2,0,0,0,0,0
CAARDLGDKIIF,0,0,0,1,0,0
CAIGEAGINTEAFF,0,0,2,0,0,0
CAYRRKRDDKIIF,0,0,0,722,0,0
CAVDRDDEIIF,4,0,0,0,0,0
CASSLDRDVFNSPLHF,0,0,0,71,0,0
CASSPPDGPSYNEQFF,0,0,0,174,0,0
CAGAGSSNTGKLIF,0,0,376,0,0,0
CAASDQTQGGSEKLVF,0,0,0,5,0,0
CAWRDRIYEQYF,3,0,0,0,0,0
CASRLYNEQFF,0,0,0,6,0,0
CASSLDQIHQPQHF,0,0,0,43,0,0
CAGSPHSGTSVELYF,0,0,1,0,0,0
CATSSVRKTQYF,4,0,0,0,0,0
CASSSGPLVQFF,0,0,0,7,0,0
CASSEGGSYNEQFF,31,0,0,0,0,0
CASRPGQGPLDTQYF,139,0,0,0,0,0
CASSVTGEGYTF,14,0,0,0,0,0
CAETGGSQGNLIF,0,0,36,0,0,0
CASSLAHRSQGTRGYTF,0,0,0,3,0,0
CASSLQTGARNTEAFF,0,0,91,0,0,0
CASSGRVSDMNTEAFF,376,0,0,0,0,0
CASRGRQGVKVEETQYF,0,0,0,4,0,0
CAENMRGNTPLVF,140,0,0,0,0,0
CASRLQGNYGYTF,0,0,217,0,0,0
CSARWDQETRYF,0,0,2,0,0,0
CASSYGAESGLAGWTGYEQFF,1,0,0,0,0,0
CAASSPYGGSQGNLIF,69,0,0,0,0,0
CAESKNTGRLIF,0,0,0,1,0,0
CASSVGGSSYNEQFF,0,0,0,15,0,0
CASSFSGVTDTQYF,209,0,0,0,0,0
CTNSPHSGTSVEQYF,0,0,0,1,0,0
CANSPHSRTSVEQYF,0,0,1,0,0,0
CASSSISRSPSPYEQLF,1,0,0,0,0,0
CASSLYLTGSGYEQYF,0,0,6,0,0,0
CASVVLGEAFF,0,0,0,10,0,0
CASSPEGAEAFF,5,0,0,0,0,0
CASNPTGASYNSPLHF,0,0,0,1228,0,0
CASSSYNSPLHF,0,0,0,2,0,0
CASSRLTGAFSTEAFF,102,0,0,0,0,0
CASSQTVRDSYEQYF,1,0,0,0,0,0
CASSSHSGTCVEQYF,0,0,1,0,0,0
CASLGNTEAFF,0,0,0,1,0,0
CASSLAQGFPGNQPQHF,214,0,0,0,0,0
CASSWGLAGTYNEQFF,0,0,0,159,0,0
CASSELTVGGNEQFF,0,0,0,6,0,0
CASSFPNQPQHF,0,0,0,4,0,0
CASSWDRIPPEQYF,0,0,0,6,0,0
CASGQETQYF,0,0,0,8,0,0
CSARAGDYGYTF,0,0,434,0,0,0
CASSLVGENYGYTF,124,0,0,0,0,0
CAISEAGVNAEAFF,0,0,1,0,0,0
CSVEGQHSGAADGYTF,2,0,0,0,0,0
CASSLLSWETQYF,3,0,0,0,0,0
CASSLLAGGNTVTFF,1,0,0,0,0,0
CASSPRGLGDNEQFF,29,0,0,0,0,0
CASSPGTTNEQFF,45,0,0,0,0,0
CASSAAGSPLHF,0,0,0,2,0,0
CASSPTGSGNTIYF,195,0,0,0,0,0
CASSLKDGTSNYGYTF,0,0,0,16,0,0
CALHYNQGGKLIF,0,0,0,1,0,0
CASSVPGPTDTQYF,0,0,0,2,0,0
CASSQDRGSPYTEAFF,2,0,0,0,0,0
CASSATSGEKDEQFF,0,0,0,28,0,0
CASSLQDEQYF,3,0,0,0,0,0
CASSLSLENIQYF,0,0,0,2,0,0
CASGATFNEQFF,9,0,0,0,0,0
CASSPDTVETQYF,3,0,0,0,0,0
CASSLAVDGFYGYTF,52,0,0,0,0,0
CASSSSQTSGVWNEQFF,1,0,0,0,0,0
CAVKGTGGFKAIF,0,0,0,2,0,0
CASSPGTGPYEQYF,178,0,0,0,0,0
CASSFEPGLEAFF,0,0,0,20,0,0
CAVRDDKTIF,0,0,0,2,0,0
CASSQGLVGSSPLHF,0,0,0,48,0,0
CASSPLVPADEQYF,0,0,0,11,0,0
CASSSIGFHQPQHF,130,0,0,0,0,0
CASSLVEGRGAFF,1,0,0,0,0,0
CASSLVAASTDTQYF,0,0,760,0,0,0
CASSSGTGVGYTF,0,0,0,7,0,0
CASSQYKHNEQFF,17,0,0,0,0,0
CAVRSIEGGSQGNLIF,0,0,0,7,0,0
CSREPTPYEQYF,2,0,0,0,0,0
CASSLSDSREAFF,1,0,0,0,0,0
CAGEDGGSQGNLIF,0,0,1,0,0,0
CAYRSASDPRDKIIF,0,0,946,0,0,0
CASSFGNTQYF,0,0,0,2,0,0
CASSQGSDSAYGYTF,0,0,0,1187,0,0
CASSYTSSGPLSSYEQYF,0,0,0,4,0,0
CASSSGQSYEQYF,0,0,0,3,0,0
CASSQGAAAPGDTQYF,4,0,0,0,0,0
CAIMSQDYEQYF,2,0,0,0,0,0
CASSLTGTDYEQYF,0,0,0,5,0,0
CAVSVDTDKLIF,0,0,0,3,0,0
CAVLNF,5,0,0,0,0,0
CAGSPHFGTSVEQYF,0,0,1,0,0,0
CAPNGSSNTGKLIF,0,0,0,220,0,0
CAESPNCGGSQGNLIF,1,0,0,0,0,0
CSVLQETQYF,13,0,0,0,0,0
CASSLAVGAETQYF,0,0,0,45,0,0
CSVLDTEAFF,0,193,0,0,0,0
CASSAGTSGLSYEQYF,0,0,0,1,0,0
CAVEGSNF,421,0,0,0,0,0
CATTNTEAFF,0,0,0,8,0,0
CASSERTWVNQPQHF,0,0,0,1,0,0
CAPSGTALIF,0,0,0,326,0,0
CASSLEGTANNEQFF,13,0,0,0,0,0
CASGWTVSYERQYF,0,0,0,1,0,0
CSTRWGRETQYF,0,0,1,0,0,0
CSVEWVYEQYF,0,0,0,1022,0,0
CASSFLGETQYF,0,0,0,150,0,0
CAVTIERAGNTPLVF,2,0,0,0,0,0
CASSLGAAGQPQHF,0,0,91,0,0,0
CASSLSSGLDYNEQFF,5,0,0,0,0,0
CASKVSDDTQYF,52,0,0,0,0,0
CAVNSRNRDDKIIF,4,0,0,0,0,0
CASSLAYEQFF,146,0,0,0,0,0
CASSGDSRYYEQYF,0,0,0,3,0,0
CASSPGEGPGTEAFF,120,0,0,0,0,0
CASSPPAGNPYNEQFF,632,0,0,0,0,0
CSVTSRSSYNEQFF,5,0,0,0,0,0
CATSPQRAIYGYTF,101,0,0,0,0,0
CASSLEAGQQGETQYF,0,0,544,0,0,0
CAADRNTGKLIF,2,0,0,0,0,0
CTSSPSSYEQYF,3,0,0,0,0,0
CASSQVLGSSYEQYF,0,0,0,2,0,0
CASNIGIWNTEAFF,0,0,0,50,0,0
CASSPGYNQPQHF,0,0,627,0,0,0
CAYISNF,248,0,0,0,0,0
CASSPHSGTSVERHF,0,0,1,0,0,0
CAAQSGSGNTPLVF,6,0,0,0,0,0
CAVKDVTGKLIF,1,0,0,0,0,0
CASRLAEGREAFF,1,0,0,0,0,0
CASSLEWTPHTQYF,1,0,0,0,0,0
CASTGFGYNEQFF,4,0,0,0,0,0
CAASDGNRDDKIIF,0,0,0,307,0,0
CASSLSPSGPYEQYF,0,0,0,3,0,0
CASSGHREAFF,11,0,0,0,0,0
CSAEETGANVLTF,0,0,0,6,0,0
CAWSGGSYEQYF,0,0,0,1,0,0
CASSSGTGSYEQYF,0,0,0,4,0,0
CASSLLGQTGETQYF,0,0,0,1535,0,0
CASSVYSNQPQHF,183,0,0,0,0,0
CASSSGAWNNEQFF,37,0,0,0,0,0
CSARDPAWDGYAF,0,0,0,2,0,0
CASSLFSLTNTEAFF,67,0,0,0,0,0
CASHVGSHEQYF,0,0,0,7,0,0
CAVEWDGQAGTALIF,0,0,0,132,0,0
CASSLSLSYGYTF,9,0,0,0,0,0
CSALIF,2,0,0,0,0,0
CATAPLLNYGGSQGNLIF,71,0,0,0,0,0
CAVLSSNTGKLIF,0,0,0,34,0,0
CASSTSSDSYEQYF,0,0,0,1,0,0
CAGSFLSHTEAFF,1,0,0,0,0,0
CASSFLTHAEAFF,2,0,0,0,0,0
CASSGPWVSPYEQYF,3,0,0,0,0,0
CSARDTWSSVYEQYF,0,0,0,2,0,0
CAFYSSNTGKLIF,6,0,0,0,0,0
CASSQPLEYTEAFF,16,0,0,0,0,0
CAENSRVRDDKIIF,0,0,0,16,0,0
CASSVETAGNQPQHF,0,0,2785,0,0,0
CAYHRDDKIIF,0,0,5,0,0,0
CASSLSGVSYNEQFF,897,0,0,0,0,0
CASSVGTGLMNTEAFF,0,0,0,55,0,0
CASRNGILNTEAFF,213,0,0,0,0,0
CASSSQGGESYNEQFF,0,0,0,19,0,0
CASSIDLEGNIQYF,0,0,0,2,0,0
CALGEDRDDKIIF,0,0,0,19,0,0
CASSQDEMSSYNEQFF,0,0,30,0,0,0
CASGLTFHTF,1,0,0,0,0,0
CAVGAYGGSQGNLIF,0,0,0,13,0,0
CATSRDQSGAYF,0,0,0,9,0,0
CASCPHSGTNVEQYF,0,0,1,0,0,0
CASEAAGGTEAFF,0,0,0,1,0,0
CASTVGVGGEQYF,0,0,0,3,0,0
CASSGTALAEQYF,71,0,0,0,0,0
CAVHPYSSASKIIF,0,0,19,0,0,0
CASSEGTNTEAFF,222,0,0,0,0,0
CASSSYSGMNTEAFF,0,0,0,2,0,0
CASSDKRRANTEAFF,8,0,0,0,0,0
CASSLAAGQIAYEQYF,0,0,222,0,0,0
CASGLVAGANNRQFF,0,0,0,2,0,0
CATDSGTSVEQYF,0,0,6,0,0,0
CASSRDSSCNEQFF,0,0,0,4,0,0
CASSIGPSGEQYF,0,0,0,5,0,0
CAASEEAGNTPLVF,102,0,0,0,0,0
CASSDRETVNTEAFF,68,0,0,0,0,0
CAVRDAFNQAGAALIF,0,0,0,6,0,0
CASSAHYEQYF,0,0,0,26,0,0
CASSQGDTSSYNSPLHF,0,0,0,1395,0,0
CASSRGASGEPYEQYF,11,0,0,0,0,0
CASSPWDSHNSPLHF,1,0,0,0,0,0
CASSDGWSYEQYF,21,0,0,0,0,0
CAANTGGFETIF,0,0,6,0,0,0
CASSLEQHTEAFF,1,0,0,0,0,0
CSASSFSYNEQFF,0,0,0,31,0,0
CADSNF,3,0,0,0,0,0
CASSPRSGTGVEQYF,0,0,1,0,0,0
CSVLLLSGYTF,0,0,0,12,0,0
CASVPRDRTYNEQFF,0,0,0,107,0,0
CASRCVGTSLHNEQFF,0,0,0,4,0,0
CASSFAVQETQYF,5,0,0,0,0,0
CASSLGQGHNEQFF,33,0,0,0,0,0
CASSLVGLAGGAANEQFF,52,0,0,0,0,0
CAISEAGVSTEAFF,0,0,1,0,0,0
CASSQDSPVYGYTF,0,0,18,0,0,0
CASSQVSIGPGNTIYF,3,0,0,0,0,0
CASPRTYCTDTQYF,0,0,0,1032,0,0
CATSSGTNGYTF,0,0,0,11,0,0
CSVIGHTEAFF,0,0,0,1,0,0
CASSPQRDRGYEQYF,0,0,0,5,0,0
CASSWTALNTEAFF,0,0,0,2,0,0
CASSQDALMEEQFF,0,0,0,62,0,0
CASTFSGEGNEQFF,15,0,0,0,0,0
CASTGTNYNEQFF,2,0,0,0,0,0
CASSIFQDVRNGYTF,0,0,0,2,0,0
CASTADTRGNEQFF,0,0,0,87,0,0
CASSLVDYGGETQYF,8,0,0,0,0,0
CAIRRKDRSRSNQPQHF,10,0,0,0,0,0
CASSLGRGYEQYF,3,0,0,0,0,0
CASSLGSGWEQYF,0,0,410,0,0,0
CAVNIKGGSEKLVF,0,0,789,0,0,0
CASSVTGYTEAFF,2,0,0,0,0,0
CASSSGQGEQYF,1,0,0,0,0,0
CASSLVQGYYEQYF,25,0,0,0,0,0
CASSPLPSSYNEQFF,0,0,139,0,0,0
CASRTDRGDSYSNQPQHF,202,0,0,0,0,0
CASSLLSSGSSYNEQFF,0,0,0,1603,0,0
CAGLTGINTEAFF,1,0,0,0,0,0
CAVRPNF,0,0,0,6,0,0
CASSRGPYTEAFF,0,0,0,4,0,0
CASSLGMNTEAFF,155,0,0,0,0,0
CASSLPTGLEAFF,0,0,0,38,0,0
CASSLRTEAFF,0,0,6,0,0,0
CAISDGLGEGTDTQYF,2,0,0,0,0,0
CASSIDGSSYNEQFF,0,0,120,0,0,0
CASSPSGQGIEQYF,0,0,0,106,0,0
CASSQDREETQYF,0,0,0,26,0,0
CASSYEVNTEAFF,0,0,1,0,0,0
CASSFSTHRGDQPQHF,42,0,0,0,0,0
CASSYVGQPQHF,0,0,166,0,0,0
CASSPPGQRNTIYF,0,0,29,0,0,0
CASRSFSTGPYGYTF,3,0,0,0,0,0
CSILAPTGSGANVLTF,0,0,0,4,0,0
CASSRTRDTLYEQYF,0,0,0,26,0,0
CAVNLNQVGTTLIF,0,0,1,0,0,0
CASSQAEASANEQFF,0,0,1,0,0,0
CASSQTGDTEAFF,13,0,0,0,0,0
CASTPLGTGETYEQFF,42,0,0,0,0,0
CASSHSRHSSYEQYF,0,0,25,0,0,0
CSARGDTYEQYF,3,0,0,0,0,0
CASTPLEGQSAYEQYF,0,0,20,0,0,0
CASSQEPGPLHF,14,0,0,0,0,0
CASSTGMNTEAFF,1,0,0,0,0,0
CASSSKTGALNTEAFF,0,0,0,2,0,0
CANGPHSGTSVEQYF,0,0,0,1,0,0
CAAISSSNTGKLIF,360,0,0,0,0,0
CASSDSTSGRADEQFF,0,0,0,5,0,0
CASSRGEHSYEQYF,16,0,0,0,0,0
CAVKKSSGDKLTF,0,0,0,2,0,0
CAVRGQARGGSQGNLIF,77,0,0,0,0,0
CASSFDDEQFF,0,0,0,11,0,0
CASHMRGTQYF,0,0,0,20,0,0
CSARDTDQGAFF,19,0,0,0,0,0
CASRVAGNQPQHF,175,0,0,0,0,0
CAVRDQDQAGTALIF,28,0,0,0,0,0
CASSLAEGRGALF,0,0,0,2,0,0
CASRLEPGLETQYF,0,0,51,0,0,0
CASSQGPLGYEQYF,2,0,0,0,0,0
CASSQGVEQYF,0,0,0,15,0,0
CAVSDQTQGGSGKLVF,0,0,0,2,0,0
CASSFGGLDEQYF,3,0,0,0,0,0
CASGFLTHTEAFF,1,0,0,0,0,0
CASTTTGVNSPLHF,3,0,0,0,0,0
CASSLYDGAELFF,0,0,0,9,0,0
CAVRVPYRDDKIIF,0,0,1,0,0,0
CASSPHFGTSVEQYF,0,0,2,0,0,0
CARLMNRDDKIIF,0,0,0,9,0,0
CAGSYSGAEALF,0,0,1,0,0,0
CASSKGTNTEAFF,10,0,0,0,0,0
CASSYRASLDNEQFF,0,0,0,514,0,0
CASSLSGTAAYEQYF,0,0,0,3,0,0
CASSYSTSGLDTDAQYF,0,0,1,0,0,0
CASSLEPGLYNEQFF,0,0,0,4,0,0
CAPGITLISNF,0,0,0,21,0,0
CASSFTDREGQPQHF,1,0,0,0,0,0
CATSDTSYNEQFF,6,0,0,0,0,0
CASSMDLAYGYTF,0,0,0,10,0,0
CASSFTPGRVDNEQFF,110,0,0,0,0,0
CAWSVGVNTEAFF,0,0,0,4,0,0
CASQFQYNTEAFF,162,0,0,0,0,0
CASSHADSYNSPLHF,96,0,0,0,0,0
CAPDSGNTPLVF,0,0,83,0,0,0
CAEKIF,60,0,0,0,0,0
CAASSRGSQGNLIF,83,0,0,0,0,0
CASRFDRGLGQPQHF,0,0,5,0,0,0
CASSSGPELYEQYF,3,0,0,0,0,0
CATSQRRDSEAFF,3,0,0,0,0,0
CSVVWGHEQYF,0,0,0,4,0,0
CASSYDGNSNQPQHF,0,0,0,94,0,0
CASSPTRTLYNEQFF,0,0,1,0,0,0
CATSRGDSQETQYF,0,0,0,23,0,0
CASRLGRLTPYEQYF,66,0,0,0,0,0
CASSLISGYEQFF,25,0,0,0,0,0
CASSPGQYYEQYF,0,0,0,1,0,0
CAFLSSNTGKLIF,0,0,0,32,0,0
CALGAAQGGSEKLVF,0,0,1,0,0,0
CAVQASVGQAGTALVF,17,0,0,0,0,0
CAVSDQAQGGSEKLVF,0,0,0,2,0,0
CASGAFQNEQFF,0,0,0,16,0,0
CASSLDRGVQETRYF,29,0,0,0,0,0
CAWSGERNEQFF,0,0,0,2,0,0
CALGGSQGNLIF,2,0,0,0,0,0
CAVNRGYGQNFVF,159,0,0,0,0,0
CASSLSFMNTKAFF,0,0,4,0,0,0
CASRHTSDRGETQYF,6,0,0,0,0,0
CASSPSGVGGETQYF,22,0,0,0,0,0
CADRDDKIIF,0,0,0,4,0,0
CARLGNTGKLVF,4,0,0,0,0,0
CASSYTNGRDLGYTF,0,0,0,20,0,0
CASSKVSESYEQYF,0,0,0,224,0,0
CAGSLSMRVDRRKETQYF,40,0,0,0,0,0
CASSQIQGSNQPQHF,8,0,0,0,0,0
CAASASEKLVF,368,0,0,0,0,0
CAMREEAQGGSEKLVF,0,0,0,4,0,0
CALSDESNTGKLIF,16,0,0,0,0,0
CASSTISLYEQYF,0,0,0,3,0,0
CACSLGATAGIQYF,0,0,0,2,0,0
CASSDGVQARTDTQYF,0,0,0,5,0,0
CASSIIPASCNEQFF,0,0,0,1,0,0
CAGSLVPGEEPQYF,0,0,0,2,0,0
CAVEDYDKIIF,0,0,0,1868,0,0
CASSLRDNTEAFF,135,0,0,0,0,0
CATAGRNTPLVF,0,0,0,12,0,0
CASSLGSTEAFF,0,0,0,3,0,0
CASSRFYRGPNTEAFF,0,0,191,0,0,0
CASSHEEYNEQFF,102,0,0,0,0,0
CASSPVIAGSSYNEQFF,0,0,0,7,0,0
CASSLAWGSNQPQHF,0,0,0,25,0,0
CASSLTGFYEQYF,0,0,2,0,0,0
CASRLVDRHGINEQFF,98,0,0,0,0,0
CASSLYTGLETQYF,0,0,0,5,0,0
CSAMPGLAGSYNEQFF,0,0,0,6,0,0
CALDIGANNLFF,1,0,0,0,0,0
CASSLGQSTEAFF,5,0,0,0,0,0
CASSETAFEAFF,0,0,0,4,0,0
CASSLVLAGQETQYF,0,0,0,5,0,0
CASKYPLDSYGYTF,0,0,0,1,0,0
CATRTSGSRNEQFF,0,0,0,21,0,0
CASSYRDSSYNEQFF,0,0,0,7,0,0
CASSYSNTGNYGYTF,110,0,0,0,0,0
CASSLPRDRDQETQYF,0,0,0,1,0,0
CAGSRLWRETTYTQYF,5,0,0,0,0,0
CAMRERSTQGGSEKLVF,0,0,28,0,0,0
CASTRPSAEQYF,0,0,0,6,0,0
CASSFTNREGQPQHF,225,0,0,0,0,0
CASSIGNEQYF,0,0,169,0,0,0
CSAPGLRSYNEQFF,8,0,0,0,0,0
CASSLQVKYGYTF,22,0,0,0,0,0
CASGDALENEQYF,0,0,0,7,0,0
CASSLEVDEQFF,0,0,0,6,0,0
CASSASGTSSYNEQFF,146,0,0,0,0,0
CASSGQGLGSPLHF,0,0,0,516,0,0
CASRSLMNTEAFF,25,0,0,0,0,0
CSATGLARGEQYF,190,0,0,0,0,0
CAVNALRDDEIIF,0,0,0,1,0,0
CASSLAGQGLQETQYF,75,0,0,0,0,0
CASSLLGRQETQYF,0,0,436,0,0,0
CASSSGLRAVDGQFF,0,0,1,0,0,0
CAVQASVGQAGTALIF,28,0,0,0,0,0
CAVPLSRNTGKLIF,0,0,585,0,0,0
CASSLLYEQYF,0,0,0,2,0,0
CASSTGTGLIGESPLHF,34,0,0,0,0,0
CASSPLAGSSSTDTQYF,30,0,0,0,0,0
CSVVGDRAYGYTF,0,0,0,28,0,0
CAGAPHVWNYGGSQGNLIF,0,0,0,231,0,0
CAVRPVRDDKIIF,0,0,0,9,0,0
CAGSELPPNTEALF,1,0,0,0,0,0
CAGSQDVLTDTQYF,0,0,1,0,0,0
CASSLEGRTTYEQYF,0,0,0,1,0,0
CASSSTIGAEGEAFF,0,0,0,2,0,0
CASSPYSSDPEQFF,0,0,0,5,0,0
CSARDGTGPSYEQYF,12,0,0,0,0,0
CASSLLGGYEQYF,0,0,255,0,0,0
CASSLEGHTEAFF,2,0,0,0,0,0
CALLNQAGTALIF,0,0,176,0,0,0
CASSQEAASGSSSYEQYF,0,0,0,7,0,0
CAYRFNQAGTALIF,0,0,43,0,0,0
CAMSGSQGNLVF,0,0,1,0,0,0
CASSLIQGGIGYGYTF,0,0,0,1,0,0
CASSHEREGFDEQFF,11,0,0,0,0,0
CASSPGGTYEQYF,0,0,0,1,0,0
CSGVAEGLYNEQFF,0,0,4,0,0,0
CASSLLISGEQFF,0,0,0,108,0,0
CASNATSGRKDEQFF,0,0,0,1,0,0
CASSLSRGTGWQSPLHF,137,0,0,0,0,0
CAVPLWSAATNEQFF,0,0,0,14,0,0
CASSPHSGTSVELHF,0,0,1,0,0,0
CASSQDVLTDTQYF,0,0,2186,0,0,0
CASSLPAVAVDTQYF,32,0,0,0,0,0
CSAHSGSRSYNEQFF,7,0,0,0,0,0
CAAYGQAGTALIF,1,0,0,0,0,0
CAAANF,8,0,0,0,0,0
CASSLSGTVNEQFF,0,0,99,0,0,0
CAENRNGGSQGNLIF,8,0,0,0,0,0
CASGPHSGTSVEQYF,0,0,5,0,0,0
CATSTGNLEALF,3,0,0,0,0,0
CAVPFQGGSEKLVF,66,0,0,0,0,0
CASSFGQNTEAFF,8,0,0,0,0,0
CASSDGTHTEAFF,126,0,0,0,0,0
CASRQGGNEQFF,7,0,0,0,0,0
CASSQLQGGNTEAFF,0,0,0,10,0,0
CASSLRGAEQFF,3,0,0,0,0,0
CASSETGLGQPQHF,0,0,833,0,0,0
CASTLVGPLHF,93,0,0,0,0,0
CALGSARQLTF,0,0,1,0,0,0
CTSSYAVNTEAFF,0,0,1,0,0,0
CASRDTSWYTEAFF,10,0,0,0,0,0
CSGVGRSSYEQYF,0,0,0,6,0,0
CAVSRNSGNTPLVF,0,0,61,0,0,0
CASSSSLAYEQYF,71,0,0,0,0,0
CASSFSESDYGYTF,225,0,0,0,0,0
CASSQDLSRNQPQHF,0,0,517,0,0,0
CASSFRQYTEAFF,9,0,0,0,0,0
CASSRGTSGAAYEQYF,12,0,0,0,0,0
CASSYGRLAGLEQYF,0,0,1514,0,0,0
CALSYRDDKIIF,10,0,0,0,0,0
CAISDKRAAVYEQYF,0,0,0,8,0,0
CASSLEENEGLENTEAFF,0,0,0,51,0,0
CASSQDTNTEAFF,20,0,0,0,0,0
CASSPQTITGDTEAFF,0,0,0,246,0,0
CARSLGRPNQPQHF,0,0,412,0,0,0
CASSEGLNNEQFF,0,0,0,120,0,0
CSASGSTGETQYF,0,0,1,0,0,0
CSARVGLNTEAFF,0,475,0,0,0,0
CASSHADRTSTDTQYF,0,0,0,12,0,0
CASSFPRGEISYEQYF,189,0,0,0,0,0
CASSKGRGRCFPDTQYF,0,0,46,0,0,0
CASRSLAGRPSLQQFF,0,0,0,6,0,0
CAISSNTGKLIF,5,0,0,0,0,0
CASSSISRSPSPYEQYF,68,0,0,0,0,0
CSARVSVLYNEQFF,10,0,0,0,0,0
CAGQGGSQGNLIF,6,0,0,0,0,0
CASSLGGYELYF,0,0,1,0,0,0
CASSEHRDGYPYNYGYTF,0,0,0,7,0,0
CAVTLDF,0,0,3,0,0,0
CATNRAYYGYTF,0,0,0,3,0,0
CASSVGDEQYF,0,0,0,11,0,0
CASSQEEGYYGYTF,0,0,0,20,0,0
CAQRDDKIIF,1,0,0,0,0,0
CAMSSGTGESTSEYF,0,0,0,6,0,0
CASRIGPRSHNEQLF,0,0,0,1,0,0
CAVDPYRDDKIIF,0,0,0,1,0,0
CAVSDQTQGGSEKPVF,0,0,0,3,0,0
CASSQTDRAEQYF,8,0,0,0,0,0
CASSLSASNEQFF,0,0,220,0,0,0
CASSPRGGSEAFF,128,0,0,0,0,0
CASSEVGGRETQYF,63,0,0,0,0,0
CASSTGTVGNEQYF,0,0,0,3,0,0
CAVRDHSGNTPLVF,0,0,0,9,0,0
CASSLAEGRKTFF,1,0,0,0,0,0
CAGSPHSRTSVGQYF,0,0,1,0,0,0
CAVRNRDDKIIF,0,0,0,20,0,0
CATSDPFQETQYF,4,0,0,0,0,0
CASSLGNSEAFF,0,0,0,19,0,0
CASGDLNTEAFF,0,0,0,1,0,0
CASSIEGQNYTF,0,0,0,34,0,0
CASSSEAGVYNEQFF,188,0,0,0,0,0
CASSPHSGTGAEQYF,0,0,4,0,0,0
CSQYSNQPQHF,33,0,0,0,0,0
CASSYGGGVTF,0,0,0,9,0,0
CASSLELAGTYEQYF,0,0,0,743,0,0
CASSQDRGYEQYF,100,0,0,0,0,0
CASSRRAEQFF,8,0,0,0,0,0
CASSLTSDPDEQFF,3,0,0,0,0,0
CSARGWTVQETQYF,0,0,0,28,0,0
CASSLAAGREAFF,1,0,0,0,0,0
CASSVTDFSEQYF,1,0,0,0,0,0
CASSGTSGESYNEQFF,1,0,0,0,0,0
CASSLVNNEQFF,0,0,2,0,0,0
CASSYSGQEADDTEAFF,0,0,3,0,0,0
CASSLLGGDSTYEQYF,33,0,0,0,0,0
CASSQIDMNTEAFF,27,0,0,0,0,0
CAVCKGGSEKLVF,43,0,0,0,0,0
CASSSAGTYNSPLHF,0,0,0,20,0,0
CAALSGNTPLVF,0,0,0,9,0,0
CASSQGWGLAFF,2,0,0,0,0,0
CAGGLAEGREAFF,2,0,0,0,0,0
CSARDLDVSYNSPLHF,0,0,0,237,0,0
CASSALGVNEQFF,104,0,0,0,0,0
CASHDELSYEQYF,0,0,0,10,0,0
CASSPLQGGGYTF,0,0,47,0,0,0
CAISEGTAPNQPQHF,3,0,0,0,0,0
CASLLAETGSYNEQFF,2,0,0,0,0,0
CASSSGNTEAFF,0,0,0,1,0,0
CADSLGPGAFF,0,0,0,3,0,0
CAVGSGDKLTF,0,0,1,0,0,0
CSHSDGSNQPQHF,0,0,0,11,0,0
CAVRNTDKLIF,3,0,0,0,0,0
CASSLGNTEVFF,0,0,0,2,0,0
CASSLEEVYEQYF,16,0,0,0,0,0
CASSWEAEPKGYTF,0,0,0,2,0,0
CASRQSGLAIQETQYF,0,0,22,0,0,0
CANLTGMNTEAFF,1,0,0,0,0,0
CASSLGQMGLLHGQFF,0,0,0,103,0,0
CAASGGNRDDKIIF,0,0,0,81,0,0
CSVESLAEHYNEQFF,0,0,0,766,0,0
CASSPQVSVVREQYF,0,0,0,8,0,0
CASSAGHQGVQPQHF,131,0,0,0,0,0
CASSQTPGQGSYEQYF,4,0,0,0,0,0
CASRIGPRSYNEQFF,0,0,0,1278,0,0
CSVEVIGTGIYNEQFF,1,0,0,0,0,0
CASSQGQDGYTF,15,0,0,0,0,0
CASSYSQGYTQYF,0,0,0,6,0,0
CSVVSRAGAFF,0,0,0,114,0,0
CASSLRAGYTF,0,0,0,13,0,0
CASSSLGGDSTYEQYF,15,0,0,0,0,0
CASSYTASYGYTF,42,0,0,0,0,0
CASGGGVEGWLYYGYTF,0,0,0,24,0,0
CASSPVQGSNQPQHF,0,0,0,13,0,0
CASSSTNPDRWRDSGGLYEQYF,0,0,0,5,0,0
CASSQGRDSPYTEAFF,1,0,0,0,0,0
CASSQDLDQPQHF,8,0,0,0,0,0
CAYMGGSQGNLIF,107,0,0,0,0,0
CASSGLEVTYEQYF,0,162,0,0,0,0
CAASATNF,0,0,0,1,0,0
CASTATGRYEQFF,0,0,0,2,0,0
CASRSDRAEYDEQYF,5,0,0,0,0,0
CASSLEESGTEAFF,0,0,0,13,0,0
CASSPHSRTSVKQYF,0,0,2,0,0,0
CALSNQAGTALIF,0,0,0,7,0,0
CAGSPHSGTGVEQYF,0,0,0,4,0,0
CAVGWGGSEKLVF,20,0,0,0,0,0
CASSLGQGQSYNEQFF,81,0,0,0,0,0
CASSIGQLYGQYF,1,0,0,0,0,0
CASSSLGEEQFF,0,0,36,0,0,0
CASSTGMDTEAFF,1,0,0,0,0,0
CAVTDTDKLIF,0,0,0,3,0,0
CASSALTNTEAFF,2,0,0,0,0,0
CASSFRTAEAFF,0,0,0,6,0,0
CATDSGTGVGNEQFF,0,0,2876,0,0,0
CASSSYSDLYNEQFF,0,0,0,28,0,0
CASSPGQLSNQPQHF,0,0,0,1,0,0
CASGWDENTEAFF,8,0,0,0,0,0
CAPKGGSQGNLIF,0,0,0,17,0,0
CASGPLGWQETQYF,51,0,0,0,0,0
CASSLTEGREAFF,0,0,1,0,0,0
CASRKGNYGTYEQYF,0,0,0,138,0,0
CAVRDMKRNRDDKIIF,0,0,0,2,0,0
CSVRDREAEAFF,0,0,0,17,0,0
CAVNDQTQGGSEKLVF,0,0,0,2,0,0
CASSLHKTGTYEQYF,9,0,0,0,0,0
CAVSRGNTGKLIF,1,0,0,0,0,0
CASSSMGTEAFF,0,0,0,3,0,0
CAVERGSQGNLIF,9,0,0,0,0,0
CASSLQGTF,0,0,0,8,0,0
CASIDTLNPDTQYF,0,0,601,0,0,0
CAVEENRDDKIIF,3,0,0,0,0,0
CASSRGPGNEQFF,7,0,0,0,0,0
CASLTGMNTKAFF,0,0,1,0,0,0
CASRSLEGTLGYEQYF,1,0,0,0,0,0
CASSLDPGGNTEAFF,2,0,0,0,0,0
CATMTGRSSGANVLTF,71,0,0,0,0,0
CSAIKTGLGQPRHF,0,0,1,0,0,0
CALDKLIF,0,0,0,6,0,0
CASSRQGSTEAFF,0,0,0,7,0,0
CSPILRSGKAFF,8,0,0,0,0,0
CAVTIDF,0,0,7,0,0,0
CASSLDVRWGFTEAFF,0,0,0,10,0,0
CAVNTGGSEKLVF,0,0,42,0,0,0
CARSPRSGTSVEQYF,0,0,2,0,0,0
CASSKGIKGNTEAFF,0,0,0,188,0,0
CASSHSTGDVGWKRPEYF,0,0,0,1,0,0
CASSHTGMGNEQFF,2,0,0,0,0,0
CASTPSDSSSYEQYF,0,0,0,61,0,0
CASSLGGTYTEAFF,8,0,0,0,0,0
CASRLAEGREALF,1,0,0,0,0,0
CASSLSGQTYGYTF,0,0,0,10,0,0
CSARPRGRNTEAFF,5,0,0,0,0,0
CASSPPEGRRVKTQYF,2,0,0,0,0,0
CASSYLRADTQYF,0,0,230,0,0,0
CASSNPGQNYGYTF,0,0,0,210,0,0
CASSLPGQGTYEQYF,0,0,0,1,0,0
CASTPSDSSFYKQYF,0,0,0,1,0,0
CSVEDSDRNYGYTF,0,0,0,18,0,0
CASSSTMGYEQYF,0,0,0,6,0,0
CAAQIIF,0,0,0,7,0,0
CASEFSSNTGKLIF,0,0,94,0,0,0
CASSGDLGQFYEQYF,0,0,1,0,0,0
CSARWGQETQYF,0,0,19156,0,0,0
CASSFLGRTDTQYF,0,0,3224,0,0,0
CAASAKRDDKIIF,0,0,0,325,0,0
CAISEQGVGTDTQYF,0,0,0,91,0,0
CAVIQGGSEKLVF,0,0,0,15,0,0
CASTYMNTEAFF,0,0,0,104,0,0
CASSQASNKFASEAFF,0,0,0,1,0,0
CASSLSAGRSSYEQYF,0,0,0,2,0,0
CASSFSVATYEQYF,0,0,35,0,0,0
CASSSWRNSYEQYF,0,0,0,35,0,0
CASRSPAGHGEEWNQPQHF,165,0,0,0,0,0
CASSEEETQYF,4,0,0,0,0,0
CAVSGLTQSGSEKLVF,0,0,0,1,0,0
CASSQGGGYEQYF,0,0,0,7,0,0
CASSLPGQGYEQYF,147,0,0,0,0,0
CALNLISGTYKYIF,60,0,0,0,0,0
CASSLVRDLETQYF,0,0,0,189,0,0
CASRPIDRRSYEQYF,0,0,0,26,0,0
CASSVTAASNYGYTF,43,0,0,0,0,0
CASSSAQSNYGYTF,0,0,0,2,0,0
CATSDGQGYGYTF,0,0,0,21,0,0
CASSPHSGTSTEQYF,0,0,0,1,0,0
CAMREGEGRDDKIIF,0,0,546,0,0,0
CASSTDRGLQETQYF,0,0,0,337,0,0
CAVRRGSSNTGKLIF,37,0,0,0,0,0
CATGSAINEQFF,0,0,0,8,0,0
CAASRNSGNTPLVF,0,0,1,0,0,0
CASSYPMSGTQYF,0,0,0,5,0,0
CSARDPQGILGGYTF,148,0,0,0,0,0
CAISEGQINTEAFF,0,0,0,1,0,0
CASSFPTKTGNYGYTF,1,0,0,0,0,0
CASSEDNGSYNEQFF,0,0,0,16,0,0
CASSDSGPGRAYEQYF,2,0,0,0,0,0
CASSYSRDSTYEQYF,20,0,0,0,0,0
CASSPADRRFSSDEQYF,0,0,0,82,0,0
CAVQADDKIIF,0,0,0,4,0,0
CASSLGVEQYF,0,0,519,0,0,0
CASSFGGETQYF,37,0,0,0,0,0
CASSQKLLETQYF,11,0,0,0,0,0
CSVHLGEPRSYGYTF,2,0,0,0,0,0
CASSPGREPGTEAFF,37,0,0,0,0,0
CASSEEHQNTEAFF,208,0,0,0,0,0
CASGETQYF,0,0,0,10,0,0
CAVPSARGHQGGSEKLVF,0,0,0,76,0,0
CASSLSPIFGDGCTF,0,0,0,1,0,0
CASSQDRTIYNEQFF,0,0,0,7,0,0
CAASANYGGSQGNLIF,86,0,0,0,0,0
CASSLGQGRTYEQYF,1,0,0,0,0,0
CAWSFGSNQPQHF,0,0,1,0,0,0
CAVSVNF,1,0,0,0,0,0
CASSTGQGSLDTQYF,0,0,0,1,0,0
CAWSLQGLGYGYAF,0,0,3,0,0,0
CATSREGPLAGGRGEQFF,0,0,38,0,0,0
CASSLAGYNGMTYNEQFF,0,0,0,17,0,0
CASSLTLADEQFF,0,0,0,44,0,0
CASSSGSYEQYF,0,0,0,5,0,0
CASGKTSADTQYF,0,0,0,17,0,0
CASSLDPMGEQYF,0,0,0,2,0,0
CASSYYIGQGRLGSYEQYF,0,0,0,61,0,0
CASSPPTLGPVNEQFF,0,0,0,3,0,0
CAIQAGTALIF,0,0,6,0,0,0
CAVDIGADKLIF,0,0,0,3,0,0
CASRPGPRASDEQYF,29,0,0,0,0,0
CASSLIGASYGYTF,62,0,0,0,0,0
CAATSGGSQGNLIF,78,0,0,0,0,0
CAVDRYDKIIF,0,0,3122,0,0,0
CASSEQGEPYNEQFF,0,0,0,11,0,0
CASSQEGRVHEQFF,11,0,0,0,0,0
CAVRGNAGNMLTF,0,0,1,0,0,0
CASSIAGSSYEQYF,4,0,0,0,0,0
CASSYAAGREQFF,0,0,0,7,0,0
CAVGTQGGSEKLVF,0,0,0,19,0,0
CASSFHSGTSVEQYF,0,0,0,2,0,0
CASSQDALMREQFF,0,0,0,28,0,0
CAASDGNRDDKTIF,0,0,0,2,0,0
CASGFPRNEQFF,0,0,0,2,0,0
CASSPGLYPMETRYF,0,0,0,1,0,0
CASSYSGYYEQYF,0,0,0,4,0,0
CAAVHDKIIF,22,0,0,0,0,0
CAYQGQGGSEKLVF,0,0,0,13,0,0
CASREGDLGDTQYF,135,0,0,0,0,0
CASSSPSGRGTEAFF,0,0,0,1,0,0
CASSYGTYGYTF,0,0,0,200,0,0
CAVNHF,0,0,0,10,0,0
CASSLGTTAGIQYF,0,0,0,126,0,0
CASSPAVNEQFF,2,0,0,0,0,0
CAESLNYGGSRGNLIF,2,0,0,0,0,0
CASSTLLNEQFF,1,0,0,0,0,0
CASSFSTAGNTIYF,6,0,0,0,0,0
CASSVGDRNTEAFF,0,0,0,36,0,0
CASSWTSGRTYEQYF,0,0,0,22,0,0
CASSPHSGASVELYF,0,0,1,0,0,0
CASSVATQGYEQYF,0,1370,0,0,0,0
CAWTLGRGLGSPLHF,1,0,0,0,0,0
CASSSTGSYEQYF,3,0,0,0,0,0
CASSYGDEQFF,1,0,0,0,0,0
CAISLAEGREAFF,1,0,0,0,0,0
CATSPQGAIYGYTF,167,0,0,0,0,0
CASSVGQGEAFF,1,0,0,0,0,0
CASSWSQGNYEQYF,0,0,0,13,0,0
CASSLAPGLVGNEQFF,0,0,0,2,0,0
CASSWAGANTEAFF,0,0,0,9,0,0
CASGPHFGTSVEQYF,0,0,1,0,0,0
CASSLELSYEQYF,0,0,0,1,0,0
CASSVGRASTEAFF,343,0,0,0,0,0
CASSYGEDQPQHF,0,0,0,36,0,0
CASSPLAGPYEQYF,0,0,377,0,0,0
CASSLVPRETQYF,2,0,0,0,0,0
CASSYNPSYSYTF,6,0,0,0,0,0
CAVSDQTQSGSEKLVF,0,0,0,1,0,0
CASGFDLMDRDLDGYTF,10,0,0,0,0,0
CATGQGNTEAFF,0,0,0,11,0,0
CASSLARDSYEQYF,2,0,0,0,0,0
CAASAKGDDKIIF,0,0,0,5,0,0
CAIRNSTDTQYF,0,0,0,1,0,0
CASSLLSGQARGEQVF,0,0,0,9,0,0
CAATQSNRDDKIIF,0,0,0,22,0,0
CSVEDGTVSYEQYF,0,0,509,0,0,0
CATSDPDTVLASGAFF,0,0,0,1,0,0
CASRPGMGPRGTEAFF,0,0,3,0,0,0
CASSAGLGPGAFF,134,0,0,0,0,0
CSVQGIYGYTF,0,0,0,4,0,0
CASSDRSRRAYGETQYF,2,0,0,0,0,0
CASSLGQRPDEAFF,2,0,0,0,0,0
CASSLEGRSYEQYF,0,0,0,2,0,0
CATTESGDTQYF,1,0,0,0,0,0
CASSKGEEQETQYF,15,0,0,0,0,0
CASSSASGSTDTQYF,0,0,0,19,0,0
CASSVGQSYEQYF,0,0,0,1,0,0
CASSLTSGTTDTQYF,40,0,0,0,0,0
CASSERLTDTQYF,3,0,0,0,0,0
CSASGDRSAQQYF,10,0,0,0,0,0
CASTRTFGLSSYEQYF,0,0,0,2,0,0
CSGQGSGYGYTF,4,0,0,0,0,0
CASPRWGGAFF,13,0,0,0,0,0
CASSSLHGTDGYTF,0,137,0,0,0,0
CSAKGLAGGNEQFF,0,0,0,11,0,0
CATTSGQETQYF,0,0,0,3,0,0
CASSVGTTDTQYF,0,0,275,0,0,0
CASSLYSDLYNEQFF,0,0,0,1,0,0
CASSRTGPTDTQYF,0,0,0,1034,0,0
CSVVDNGYTF,0,0,0,27,0,0
CSASTGKDTEAFF,0,0,0,10,0,0
CASSPTFTEAFF,0,0,0,428,0,0
CAYRSAGDDKIIF,0,0,0,8,0,0
CASSHGLALNEQFF,0,0,0,11,0,0
CASSLDGFGTGSANTEAFF,0,0,0,211,0,0
CASSPHSGTSAEQYF,0,0,4,0,0,0
CAGELGDKLIF,0,0,0,2,0,0
CSVEVRGNYEQYF,0,0,0,374,0,0
CASRHPTGYTEVFF,0,0,0,1,0,0
CASSITGTGKGYTF,0,0,0,37,0,0
CASSSRTVNYGYTF,0,0,0,5,0,0
CSPGLSEQYF,19,0,0,0,0,0
CAALANTGNQFYF,0,0,10,0,0,0
CAWSVLHLNTEAFF,158,0,0,0,0,0
CASREGPGVSYEQYF,0,0,0,1,0,0
CASSFTGISYEQYF,0,0,0,4,0,0
CASSFHRQGNTDTQYF,0,0,0,4,0,0
CASSLISGAHEQFF,1,0,0,0,0,0
CASSFGESYNEQFF,5,0,0,0,0,0
CASSVAGGPYDEQFF,0,0,0,2,0,0
CASSPGATEAFF,234,0,0,0,0,0
CSARVATGVTSRQPQHF,15,0,0,0,0,0
CAILPNPNTEAFF,4,0,0,0,0,0
CASRALLGAGQPQHF,0,0,0,73,0,0
CASNPHSGTSVEQYF,0,0,1,0,0,0
CASEALEDSYVQHF,1,0,0,0,0,0
CASSPPEGRRVETQYF,772,0,0,0,0,0
CASSQGTSGVITDTQYF,2,0,0,0,0,0
CASSLGSDTQYF,0,0,0,319,0,0
CASSYLGENYGYTF,86,0,0,0,0,0
CASSSTDYYGYTF,0,0,0,20,0,0
CASSPYYGSYEQYF,0,0,0,6,0,0
CASGERTQVDQPQHF,0,0,0,1,0,0
CSARDNRDYFVEQFF,0,0,0,10,0,0
CASRTGLAGLSEQYF,0,0,0,29,0,0
CAESIVGGSQGNLIF,306,0,0,0,0,0
CASTSDRTNLLSYEQYF,18,0,0,0,0,0
CASSQGTVTYEQYF,17,0,0,0,0,0
CASSLGAAYGYTF,54,0,0,0,0,0
CASSNQGKLSYEQYF,0,0,0,6,0,0
CASSLVDSYNSPLHF,0,0,0,74,0,0
CASSLNRVHGYTF,0,0,0,16,0,0
CASSFGLLTGSKETQYF,22,0,0,0,0,0
CASSFSSTDTQYF,0,0,0,11,0,0
CASSRTGHTDAQYF,0,0,0,2,0,0
CASSEWAGAYERYF,1,0,0,0,0,0
CAGSSSYGYTF,0,0,0,12,0,0
CASSITTDTQYF,1,0,0,0,0,0
CSVLGDRHTEAFF,0,0,0,8,0,0
CAGRSQAGTALIF,0,0,0,3,0,0
CAVRDDEIIF,0,0,0,1,0,0
CASSSTFTGSSNQPQHF,2,0,0,0,0,0
CASASRDNQPQHF,3,0,0,0,0,0
CASRMGLAGETQYF,5,0,0,0,0,0
CASSSQDTQYF,0,0,4,0,0,0
CSVAGTSYEQYF,0,0,0,2,0,0
CASSLLTGDYGYTF,0,0,0,28,0,0
CASSSRTGEDSGNTIYF,4,0,0,0,0,0
CASSRRQLGNTEAFF,3,0,0,0,0,0
CASSYKASLDNEQFF,0,0,0,2,0,0
CASSLLRTSSYEQYF,0,0,395,0,0,0
CASSSSGASDTQYF,0,0,0,2,0,0
CASSSNSGTSVEQYF,0,0,2,0,0,0
CASSYNRTYEQYF,0,0,0,1,0,0
CASSEFRSTEAFF,15,0,0,0,0,0
CATSRESGSYGYTF,15,0,0,0,0,0
CSAWDSGNTIYF,0,0,0,125,0,0
CAASRDDKIIF,7,0,0,0,0,0
CAESPNYGGSQGNLIF,0,0,0,1017,0,0
CASRLRAPASGRPRSYNEQFF,0,0,0,2,0,0
CASSLAAGLNTGELFF,0,0,0,14,0,0
CAVSDQTQGGSERLVF,0,0,0,4,0,0
CASSLEPHSGGKTQYF,4,0,0,0,0,0
CASSWTGTASTDTQYF,45,0,0,0,0,0
CSATGNEQYF,0,0,0,3,0,0
CAVRNSGNTPLVF,3,0,0,0,0,0
CAVRDRGRDDKIIF,0,0,0,5,0,0
CASSYMAVSNQPQHF,34,0,0,0,0,0
CASSQGSYNEQFF,0,0,0,5,0,0
CASSLLALRDEQFF,23,0,0,0,0,0
CASSDPGQGTNYGYTF,0,0,0,43,0,0
CASSLGTGGKTRTEAFF,1,0,0,0,0,0
CASSAVGSPLHF,0,0,0,1481,0,0
CASSAGLF,0,0,0,2,0,0
CASIWAPEAFF,0,0,0,890,0,0
CASTHGTGLNENEQFF,0,0,0,5,0,0
CAASDDDKIIF,2,0,0,0,0,0
CASSSGQGGGYTF,0,0,431,0,0,0
CASSPIQGLSYEQYF,0,0,0,1,0,0
CAVPYGGSQGNLIF,0,0,0,59,0,0
CASTPGTGSSYNEQFF,190,0,0,0,0,0
CAVGSSNTGKLIF,0,0,0,15,0,0
CASSYPPHEQFF,4,0,0,0,0,0
CASSLAGEEYEQYF,29,0,0,0,0,0
CASSLDGTQYF,72,0,0,0,0,0
CASSDGTNTEAFF,3,0,0,0,0,0
CSVADTVSYEQYF,3,0,0,0,0,0
CASSLRERGPYEQYF,0,0,0,37,0,0
CALSEAEGGSQGNLIF,1308,0,0,0,0,0
CAGSGSWQGDHEQYF,0,0,0,1,0,0
CAASATYYGGSQGNLIF,0,0,317,0,0,0
CASSPRQGRINEQFF,0,0,0,6,0,0
CASTKGEGYEQYF,0,0,0,42,0,0
CASSFPGPEAFF,21,0,0,0,0,0
CASSSLDGTDTQYF,8,0,0,0,0,0
CAISDSTADEAFF,0,0,0,16,0,0
CASSFGTGSEQYF,0,0,0,1,0,0
CASSSQGFHNEQFF,24,0,0,0,0,0
CASSDQQGWEQFF,9,0,0,0,0,0
CASNSHSGTSVEQYF,0,0,22,0,0,0
CASSQEGRAEAFF,146,0,0,0,0,0
CAWSFQGLGYGYTF,0,0,1,0,0,0
CASSSGTEETQYF,2,0,0,0,0,0
CASIPGLAGSYEQYF,0,0,0,1,0,0
CASSFLEASGQFF,0,0,83,0,0,0
CASSDFRDNPYNEQFF,0,0,0,2,0,0
CASSLRVRDRNEQYF,0,0,0,1,0,0
CAGVGAMNRDDKIIF,208,0,0,0,0,0
CASSDSDNNEQFF,0,0,0,1,0,0
CASSDRDYGYTF,88,0,0,0,0,0
CASRLGSAPAACNSPLHF,236,0,0,0,0,0
CASSGGLGEVMNTEAFF,0,0,174,0,0,0
CASSLSGQGKVSYNSPLHF,0,0,0,1221,0,0
CAFERDDKIIF,0,0,0,70,0,0
CAVPSYGGSQGNLIF,15,0,0,0,0,0
CASSTYSGNTIYF,0,0,106,0,0,0
CASSLVLAGSVGEETQYF,0,0,0,63,0,0
CAITESGDTQYF,1835,0,0,0,0,0
CASSQGTNEAFF,79,0,0,0,0,0
CTSSFQEAQYF,0,0,0,1,0,0
CAAGYEAFF,1,0,0,0,0,0
CASSVLGPPSYNEQFF,0,0,0,7,0,0
CASSLGRDTEAFF,7,0,0,0,0,0
CASSQEDNWEAFF,4,0,0,0,0,0
CAYRSAYRDDKIIF,2,0,0,0,0,0
CAAGTWRDDKIIF,5,0,0,0,0,0
CSLEGTGLNEQFF,11,0,0,0,0,0
CANSFGGYEQYF,0,0,1,0,0,0
CASSLMNTEAFF,0,0,0,3,0,0
CAVGDLTQGGSEKPVF,0,0,0,1,0,0
CAWTSTGTEQPQHF,0,0,0,1,0,0
CASSLQGSNQPQHF,79,0,0,0,0,0
CTSGLIAGANNEQFF,0,0,0,2,0,0
CASSERTRVSQPQHF,0,0,0,1,0,0
CASSYLLTTGNQETQYF,108,0,0,0,0,0
CAWSAPGLVCEQYF,6,0,0,0,0,0
CAWSDGILHEQYF,0,0,0,1,0,0
CASSPRTGVGYNEQFF,3,0,0,0,0,0
CSVPNTGDNPEAFF,0,0,0,4,0,0
CSARDPQEVLGGYTF,1,0,0,0,0,0
CASSLGLAGDNEQFF,0,0,0,14,0,0
CADQMNRDDKIIF,0,0,0,193,0,0
CASSTGLAGHEQYF,8,0,0,0,0,0
CASPYGGSQGNLIF,0,0,21,0,0,0
CSVEEGQNSYERYF,0,0,0,1,0,0
CAITQGMNRDDKIIF,20,0,0,0,0,0
CARLSNTGKLIF,810,0,0,0,0,0
CASSTGINTEAFF,6,0,0,0,0,0
CASSATLSRDGYTF,0,0,0,2,0,0
CASSLVGRGFTEAFF,48,0,0,0,0,0
CASSLIQETQYF,52,0,0,0,0,0
CASSSETRNEQFF,0,0,0,1,0,0
CATWKVNEQFF,6,0,0,0,0,0
CAESNQAGTALIF,0,0,0,21,0,0
CASSLVSGDGAFF,0,0,47,0,0,0
CARDGSSNTGRLIF,30,0,0,0,0,0
CAWSALRLEAFF,0,0,0,2,0,0
CASSLRNEQYF,4,0,0,0,0,0
CASSFNPGQGSYNEQFF,154,0,0,0,0,0
CASSEDMRTEAFF,3,0,0,0,0,0
CASSDGDISGNTIYF,321,0,0,0,0,0
CARGLTSYAF,1,0,0,0,0,0
CASSEGTGVEQYF,0,0,359,0,0,0
CASSFSGDEQYF,0,0,3,0,0,0
CASSSRPYNEQFF,0,0,0,8,0,0
CAGANF,0,0,0,2,0,0
CASTYGTRYRNEQFF,5,0,0,0,0,0
CASSQTGAPDYTF,0,0,0,294,0,0
CASSWTSGARETQYF,0,0,0,295,0,0
CASSQVDRSEAFF,54,0,0,0,0,0
CASSPEGSNYGYTF,0,0,0,10,0,0
CAGSLLTNTEAFF,1,0,0,0,0,0
CASSQAVTGVQPQHF,0,0,0,2,0,0
CASSPYSGASVEQYF,0,0,1,0,0,0
CAAPGNTPLVF,3,0,0,0,0,0
CASSLVQGEYEQYF,0,0,0,217,0,0
CASSSIQETQYF,0,0,0,41,0,0
CAISEGQGGNEQFF,0,0,0,6,0,0
CASSYSGAGAFF,0,0,1,0,0,0
CACSLAQGDTYQETQYF,0,0,0,4,0,0
CASSPHSLDTYNEQFF,26,0,0,0,0,0
CASSVIVSYEQYF,15,0,0,0,0,0
CAATRDDKIIF,0,0,0,41,0,0
CSATSQRDNTDTQYF,34,0,0,0,0,0
CASSLRSSYNEQFF,0,0,0,6,0,0
CASSLSTGTNAEAFF,1,0,0,0,0,0
CASSPQGGSGNTIYF,10,0,0,0,0,0
CATQGGSEKLVF,0,0,402,0,0,0
CASSLSGQGKVSHNSPLHF,0,0,0,1,0,0
CASSLIDTEAFF,12,0,0,0,0,0
CAGSPRSGTSVEQYF,0,0,4,0,0,0
CASSPSSLNPTYNEQFF,167,0,0,0,0,0
CAGDNQGGKLIF,0,0,0,6,0,0
CASSYMKGGEQFF,0,0,2,0,0,0
CASNLGEDSYTEAFF,30,0,0,0,0,0
CASSLELAGRAYEQYF,1,0,0,0,0,0
CALLSQAGTALNF,0,0,1,0,0,0
CAEKNNQAGTALIF,0,0,0,1,0,0
CASSRDPWGEQFF,0,0,0,8,0,0
CASMRTQQETQYF,0,0,0,638,0,0
CATRDQRGGYNKQFF,0,0,0,1,0,0
CAISESRWDRVNLYNEQFF,0,0,65,0,0,0
CASRSWRERVEQYF,8,0,0,0,0,0
CASSWGSKWMVSF,0,0,0,1,0,0
CASRVESNQPQHF,99,0,0,0,0,0
CAVEDPGNTPLVF,46,0,0,0,0,0
CASSLESDGAYEQYF,13,0,0,0,0,0
CASTRDPSYEQYF,5,0,0,0,0,0
CASSPGTGPGYTF,1,0,0,0,0,0
CASSLGGTGDQPQHF,0,0,4,0,0,0
CASSGLLSTDTQYF,2,0,0,0,0,0
CASSFRPGPRLNEQFF,1,0,0,0,0,0
CASSKRGPHEQYF,0,0,0,15,0,0
CAESPYGGKLIF,1,0,0,0,0,0
CASSYRVDTEAFF,0,0,1,0,0,0
CASSYTGTEAFF,0,0,292,0,0,0
CASSQTNNEQFF,0,0,5,0,0,0
CASSVRNLGQGHGTQHF,0,0,330,0,0,0
CASSSTGFGEQYF,0,0,0,5,0,0
CASSEDYYSNQPQHF,0,0,0,9,0,0
CAVRDRNSGNTPLVF,3,0,0,0,0,0
CAGSPHSETSVEQYF,0,0,3,0,0,0
CASSLRVLHEQYF,0,0,19,0,0,0
CAVDRDDRIIF,1,0,0,0,0,0
CATGTVTDTQYF,30,0,0,0,0,0
CASSIHRGGMTDTQYF,1,0,0,0,0,0
CASSPTGSTEAFF,5,0,0,0,0,0
CASSYGTGASYNEQFF,0,0,0,15,0,0
CASSPDGLNTEAFF,0,0,0,2,0,0
CAVSALRDDKIIF,0,0,0,1,0,0
CASSPHSGTSVGQYF,0,0,2,0,0,0
CASRGLRGEQYF,0,0,0,7,0,0
CASSLTKDREPNEQFF,0,0,0,61,0,0
CASSPGYEQYF,0,0,0,1,0,0
CTGSQAETSANEQFF,0,0,1,0,0,0
CASSAAGGPYNEQFF,0,0,0,5,0,0
CASSQWGLGASSYNEQFF,1195,0,0,0,0,0
CSVTTTVNNEQFF,0,0,0,1,0,0
CAVSGSRGNPIF,0,0,1,0,0,0
CAITQGINRGDKIIF,1,0,0,0,0,0
CASSGRGRVYEQYF,1,0,0,0,0,0
CASSEAAGRTLHF,0,0,0,293,0,0
CASRPGDTEAFF,0,0,0,1065,0,0
CASSLGRGTYEQYF,1,0,0,0,0,0
CAGANGDPGNTPPVF,1,0,0,0,0,0
CASCQAPNEFASEAFF,0,0,0,1,0,0
CASSLGQGLAEAFF,0,0,1,0,0,0
CATSDVSGEQFF,2,0,0,0,0,0
CASSSGQGMRYEQYF,3,0,0,0,0,0
CAWSRVRGTDTQYF,2,0,0,0,0,0
CASGTGNEQFF,0,0,0,1,0,0
CASSTSFSGANVLTF,14,0,0,0,0,0
CASSADRDLFNEQFF,96,0,0,0,0,0
CASSFTDNNEQFF,6,0,0,0,0,0
CAENIRSNF,6,0,0,0,0,0
CASSSSDSSYSEQFF,1,0,0,0,0,0
CASSLSFMNTEAFF,0,0,2832,0,0,0
CAVRYSGGSEKLVF,1,0,0,0,0,0
CADSVVTDTQYF,4,0,0,0,0,0
CASSQDAGQNYGYTF,0,0,0,21,0,0
CASSPPTDTSGNTIYF,0,0,111,0,0,0
CAVGESEKLIF,2,0,0,0,0,0
CASSVGQNTEAFF,0,0,0,20,0,0
CASSSTGGTYEQYF,2,0,0,0,0,0
CASSTMYDRPTPSEQYF,0,0,0,109,0,0
CASSLHSSHNQPQHF,21,0,0,0,0,0
CSARDGLEETQYF,0,0,4293,0,0,0
CASSPTGRTEAFF,69,0,0,0,0,0
CAWSEAVLSNQPQHF,82,0,0,0,0,0
CASSYPGEAYGYTF,53,0,0,0,0,0
CAVLGGSQGNLIF,0,0,0,8,0,0
CASSGIKSHYEQYF,0,0,156,0,0,0
CASSPGPYEQYF,0,0,0,1,0,0
CSVRSGSYEQYF,0,0,0,38,0,0
CASSFTGTAEQFF,0,0,0,5,0,0
CASSLGVGTYNEQFF,0,0,0,16,0,0
CSARWSQETQHF,0,0,1,0,0,0
CAVSDQTQGGSEKLIF,0,0,0,2,0,0
CASSEGQGMETQYF,31,0,0,0,0,0
CASTAQGETQYF,7,0,0,0,0,0
CASSLQQGFGVTQYF,0,0,0,26,0,0
CASRSGGTGTNTEVFF,0,0,0,1,0,0
CAVVGRDDKIIF,15,0,0,0,0,0
CASSLWGISNQPQHF,220,0,0,0,0,0
CASSEGQGYEAFF,2,0,0,0,0,0
CASKGSLLWEQYF,1,0,0,0,0,0
CASSPVSLGSPLHF,0,0,0,1033,0,0
CASSLAKGREAFF,1,0,0,0,0,0
CASSPRDRVNTEAFF,0,0,0,4,0,0
CASSPMNTEAFF,110,0,0,0,0,0
CASRGYSEGQPQHF,0,0,0,250,0,0
CASSIYQSSGANVLTF,0,0,0,1,0,0
CASSRGTSHEQYF,0,0,0,5,0,0
CAVRDYRNRDDKIIF,0,0,0,10,0,0
CAGHGGSQGNLIF,216,0,0,0,0,0
CASRQGILVGQPQHF,0,0,2530,0,0,0
CAVIPMNRDDKIIF,14,0,0,0,0,0
CAIGTPLVF,0,0,237,0,0,0
CSARNGPEQYF,0,0,0,11,0,0
CASSLRQGPSNEQFF,0,0,0,2,0,0
CSAQNGYGYTF,0,0,0,9,0,0
CASSIEGGPFNSPLHF,0,0,0,571,0,0
CASNPDTARNIQYF,0,0,0,310,0,0
CASSLQVGNTEAFF,3,0,0,0,0,0
CACRKNYGGSQGNLIF,41,0,0,0,0,0
CSAPPGQGSSMEQFF,0,0,0,14,0,0
CASSFGQPAYEQYF,0,0,0,5,0,0
CSVLPGTAYNEQFF,0,0,0,10,0,0
CASSEIGSSYEQYF,3,0,0,0,0,0
CASGLVAGANNEQFF,0,0,0,735,0,0
CALMRETQYF,0,0,0,13,0,0
CAWSVLQNTEAFF,0,0,0,2,0,0
CAYRSAYAYGGSQGNLIF,0,0,0,2,0,0
CASSRLAGNQETQYF,2,0,0,0,0,0
CASSEDRDTLEAFF,0,0,0,140,0,0
CAGGNTPLVF,0,0,0,29,0,0
CASSPYSGTSVERYF,0,0,9,0,0,0
CASSPGNSYEQYF,0,0,0,5,0,0
CAENIGQAGTALIF,0,0,0,61,0,0
CASSQLLADSSYEQYF,27,0,0,0,0,0
CASSVPSSGVYNEQFF,86,0,0,0,0,0
CASSRDQETQYF,28,0,0,0,0,0
CASSLVGYTF,8,0,0,0,0,0
CASSVGDGLNTEAFF,0,0,0,13,0,0
CSARDPANYGYTF,0,0,0,5,0,0
CASSLIQGRGGYTF,163,0,0,0,0,0
CASSPRSGTSIEQYF,0,0,1,0,0,0
CASSSYRAPGANVLTF,27,0,0,0,0,0
CASSLVEGREAFF,0,0,0,1,0,0
CAIFDSDTYNEQFF,0,0,0,3,0,0
CASSYSGQGADDTEAFF,0,0,471,0,0,0
CALSEARNRDDKIIF,5,0,0,0,0,0
CASSHRDKAYEQYF,0,0,0,1,0,0
CATDRSSNTGKLIF,0,0,0,2,0,0
CASSQVTDTQYF,12,0,0,0,0,0
CASSYSPGQVAGETQYF,0,0,0,1,0,0
CASSLTVFNSPLHF,1,0,0,0,0,0
CAASDGNRDDRIIF,0,0,0,1,0,0
CASSPPHGNTIYF,0,0,0,1180,0,0
CSARGTGDTEAFF,27,0,0,0,0,0
CASSPGRDPYNSPLHF,323,0,0,0,0,0
CASSTPTDKNTEAFF,0,0,0,2,0,0
CAAREDDKIIF,3,0,0,0,0,0
CASSQGRDSPYTETFF,1,0,0,0,0,0
CSARDESRAAYNSPLHF,67,0,0,0,0,0
CASGSHSGTSVEQYF,0,0,7,0,0,0
CASSPAGTLYNEQFF,0,0,285,0,0,0
CSARVQAKDEQFF,8,0,0,0,0,0
CASSLSLGDEQYF,0,0,0,2,0,0
CASSSTVAGRTDTQYF,1250,0,0,0,0,0
CSAIKTGLGQPQHF,0,0,1461,0,0,0
CASSPRSGTSVERYF,0,0,1,0,0,0
CALGEPPRHSGNTPLVF,170,0,0,0,0,0
CTSSTGGVVSNQPQHF,0,0,0,21,0,0
CASSTPSYEQYF,0,0,0,4,0,0
CATSRDRQRVYNEQFF,7,0,0,0,0,0
CASSQDLADGYTF,0,0,0,41,0,0
CAGSLLGQTGETQYF,0,0,0,1,0,0
CASSWTGDLDAFF,0,0,0,2,0,0
CASLSGTNTEAFF,0,0,0,1,0,0
CAISDSDRVYEQYF,0,0,0,10,0,0
CSARDGRDRDLYEQYF,0,0,0,5,0,0
CTSSPYSGTSVEQYF,0,0,2,0,0,0
CASSLAPDHEQYF,704,0,0,0,0,0
CASSFRGDSYGYTF,171,0,0,0,0,0
CAASIRGSQGNLIF,0,0,0,82,0,0
CASSPAGTGLSYTF,0,0,0,4,0,0
CSARDQGQGTFAYGYTF,0,0,56,0,0,0
CSVEIPGQVNYEQYF,0,0,0,3,0,0
CASSPRGGPKETQYF,7,0,0,0,0,0
CAEAPDNYGQNFVF,12,0,0,0,0,0
CASSLVGYQETQYF,46,0,0,0,0,0
CAPRGNTGKLIF,0,0,0,7,0,0
CANNLLISGEQFF,0,0,0,1,0,0
CASSLDAGTVYGYTF,4,0,0,0,0,0
CASSSGNEQYF,0,0,0,6,0,0
CASSPHPGTSAEQYF,0,0,1,0,0,0
CAVNIGTGGFKAIF,3,0,0,0,0,0
CASSFPVMGTEAFF,1,0,0,0,0,0
CASSAGPRTEAFF,0,0,0,2,0,0
CASTGMGGTYGYTF,0,0,0,546,0,0
CSARDPSAGFEQYF,5,0,0,0,0,0
CASSTGTGVNEQFF,7,0,0,0,0,0
CSGAGTGVGQPQHF,0,0,396,0,0,0
CASRPDGDYGYTF,0,0,0,7,0,0
CASSDSRDLTDTQYF,0,0,0,163,0,0
CASSPHSGTGVKQYF,0,0,2,0,0,0
CSVEPLAEHYNEQFF,0,0,0,1,0,0
CSAPRQGTWYTF,117,0,0,0,0,0
CASSLGQPLGETQYF,0,0,0,6,0,0
CASSLRVGGGTEAFF,0,0,0,1474,0,0
CASSPPARMDYNEQFF,0,0,0,1,0,0
CASSQADYEQHF,0,0,2,0,0,0
CSVDWRGDFGSFF,0,0,1645,0,0,0
CASRLAESSYNEQFF,3,0,0,0,0,0
CASSPTDQPQHF,0,0,0,5,0,0
CASSTRGGDGYTF,0,0,0,6,0,0
CASSPQGYTYEQYF,0,0,4,0,0,0
CAWIEGVEAFF,6,0,0,0,0,0
CAVDVLGSQGNLIF,10,0,0,0,0,0
CAVEPMNRDDKIIF,0,0,0,27,0,0
CASSLDRSGLGTDTQYF,1,0,0,0,0,0
CASRSDQEAYNEQFF,0,0,0,13,0,0
CAVPPTGGFKAIF,0,0,0,19,0,0
CASSPHSGTSIEQYF,0,0,5,0,0,0
CASSQAGLRDYGYTF,0,0,67,0,0,0
CASSTGQGSNQPQHF,0,0,1,0,0,0
CAAVPNQAGTALIF,50,0,0,0,0,0
CASSLEGTQYF,3,0,0,0,0,0
CASSQGQGLFSPLHF,99,0,0,0,0,0
CAVRDEGDKIIF,0,0,0,5,0,0
CASRGDSFYGYTF,14,0,0,0,0,0
CASSLAVTNTEAFF,2,0,0,0,0,0
CASSEVVSYEQYF,0,0,0,5,0,0
CSARELAEESYEQYF,0,0,0,7,0,0
CAVHQGGSEKLVF,8,0,0,0,0,0
CASSEETNTEAFF,3,0,0,0,0,0
CASSEERTPNTEAFF,0,0,0,171,0,0
CASSLGEDSYTEAFF,88,0,0,0,0,0
CASSYWETDTEAFF,2,0,0,0,0,0
CANSVDSSYNEQFF,0,0,0,1,0,0
CASRLEGSGNTIYF,0,0,0,2,0,0
CSVLDSYEQYF,0,0,65,0,0,0
CASREVSSYEQYF,0,0,0,37,0,0
CASSYSSSYEQYF,0,0,0,1,0,0
CASSPLAGSYNEQFF,34,0,0,0,0,0
CSVDREGSYEQYF,321,0,0,0,0,0
CATSRTGDPEQFF,0,0,0,20,0,0
CSVWDATGNTMHF,0,0,1,0,0,0
CATSDPDKGDNEQFF,0,0,0,11,0,0
CSARWGRESQYF,0,0,1,0,0,0
CASSTISSYEQYF,0,0,0,223,0,0
CASSVEGTAGEEQFF,0,0,0,21,0,0
CASSSYVLGYEQYF,0,0,0,230,0,0
CASSFDYSYEQYF,0,0,0,1,0,0
CAITRGINRDDKIIF,5,0,0,0,0,0
CASTEGPGFYEQYF,64,0,0,0,0,0
CASSLTESYEQYF,0,0,0,21,0,0
CASSFLTSGARDTQYF,1,0,0,0,0,0
CAASGGWGSQGNLIF,25,0,0,0,0,0
CASNRRVTGTEQYF,0,0,0,1,0,0
CASSHGSNTEAFF,94,0,0,0,0,0
CASSLYSLRDTQYF,0,0,11,0,0,0
CASSFDTALYNEQFF,18,0,0,0,0,0
CASSIGQLYEQYF,3,0,0,0,0,0
CAVNVVGYGGSQGNLIF,174,0,0,0,0,0
CASSSYTEAFF,0,0,0,5,0,0
CATSDSPGNPYEQYF,92,0,0,0,0,0
CANSPHSGTSVERYF,0,0,0,1,0,0
CAISEGQSGKNEQFF,3,0,0,0,0,0
CAAGTYKYIF,0,64,0,0,0,0
CASSLAPFSTGETDTQYF,0,0,0,98,0,0
CAEMDTGNQFYF,0,0,0,17,0,0
CASSLLAMASGRVPGETQYF,570,0,0,0,0,0
CASSTGLAGSLSYNEQFF,1,0,0,0,0,0
CSAKSISRTWDSRYGYTF,197,0,0,0,0,0
CASSSHSETSVEQYF,0,0,2,0,0,0
CSVQVGASPQPQHF,0,0,4,0,0,0
CAVHTGTASKLTF,0,0,1,0,0,0
CAASIPTRDDKIIF,0,0,0,15,0,0
CALDSYGGSQGNLIF,5,0,0,0,0,0
CAAISNTGKLIF,0,0,0,15,0,0
CASSSGLSGARHF,0,0,0,8,0,0
CASSPYSRTSVEQYF,0,0,3,0,0,0
CASSSSDSSYNEQFF,0,0,0,1,0,0
CASNGEGEHSYEQYF,35,0,0,0,0,0
CAVRQRDDKIIF,0,0,2,0,0,0
CASSLSFSGANVLTF,5,0,0,0,0,0
CASSHQTGNEQYF,5,0,0,0,0,0
CASGPGSTEAFF,0,0,0,40,0,0
CASSQMETSGDTQYF,0,0,2,0,0,0
CASSLEGLGVYEQYF,128,0,0,0,0,0
CASRPWSSGNTIYF,3,0,0,0,0,0
CAIGSPTYGYTF,90,0,0,0,0,0
CAVRDAFNQAGTALIF,0,0,0,14,0,0
CASSWDRYNEQFF,0,0,0,8,0,0
CASSITGIPANQPQHF,0,0,0,82,0,0
CASSFLGRTDTRYF,0,0,1,0,0,0
CASSYSGAEAFF,0,0,4617,0,0,0
CAYRSAISNF,16,0,0,0,0,0
CASSSRTGYGLETRYF,0,0,0,2,0,0
CASSFAPGLGTDEQYF,38,0,0,0,0,0
CSAPFEGSYGYTF,0,0,0,26,0,0
CARDGSSDTGKLIF,0,0,0,43,0,0
CAVNKGNF,0,0,0,13,0,0
CASSLEQDYSNQPQHF,0,0,0,5,0,0
CASSLWGIGNQPQHF,1,0,0,0,0,0
CAASDRDDKIIF,0,0,0,13,0,0
CASSLWGNSNQPQHF,0,0,0,678,0,0
CASSVGTDHEQYF,0,0,0,7,0,0
CAVLTQGGSEKLVF,0,0,0,40,0,0
CASSPSAAYEQYF,0,0,0,7,0,0
CASSQVTAGLYGYTF,3,0,0,0,0,0
CASSLGTDTYEQYF,0,0,0,9,0,0
CASSLGSSGAYEQFF,88,0,0,0,0,0
CASSSLAPGPNYGYTF,0,0,0,33,0,0
CASSLEANTEAFF,0,0,0,5,0,0
CASSFDSPQETQYF,0,0,0,15,0,0
CASSEAGQGNNEQFF,222,0,0,0,0,0
CASSYDGFGSNTEAFF,102,0,0,0,0,0
CAVESYGGSQGKLIF,1,0,0,0,0,0
CASSAGLDREGQPQHF,0,0,0,80,0,0
CASSQVGYEQYF,6,0,0,0,0,0
CASSLLEQTGETQYF,0,0,0,1,0,0
CAGSLGQLAGSTDTQYF,3,0,0,0,0,0
CAGSHPAGYTEAFF,0,0,0,1,0,0
CASSTNPNNEQFF,0,0,0,14,0,0
CSARWDQETQHF,0,0,3,0,0,0
CASSDGAPHRGNSPLHF,117,0,0,0,0,0
CASSVFLAGSSYEQYF,0,0,0,4,0,0
CASSPHSGTSAKQYF,0,0,1,0,0,0
CSARWGRETQYF,0,0,2,0,0,0
CASSREREGYTF,4,0,0,0,0,0
CASSQESAYNEQFF,8,0,0,0,0,0
CASSEDIFYGYTF,10,0,0,0,0,0
CTSSGDPGQFYEQYF,0,0,1,0,0,0
CASSYVGAGTEAFF,0,0,3,0,0,0
CAFMSLATNKLIF,0,0,0,1,0,0
CASRRGNEQFF,82,0,0,0,0,0
CACSQDRDSPYTEAFF,1,0,0,0,0,0
CAGATSGTYKYIF,0,0,3,0,0,0
CASSKRTGTRLQETQYF,0,0,0,86,0,0
CASIPGLESDTQYF,0,0,0,2,0,0
CAISEGRANYGYTF,0,0,0,2,0,0
CASSPRTRTDTQYF,48,0,0,0,0,0
CASSQGLADFYEQYF,68,0,0,0,0,0
CAYRSLNYGGSQGNLIF,148,0,0,0,0,0
CASSQGTLTGSPLHF,0,0,15,0,0,0
CASSLLSNYGYTF,0,0,0,8,0,0
CASGLGGATGVSIEQYF,0,0,34,0,0,0
CASSLGVSDEQYF,0,0,53,0,0,0
CASSLDVRRGFTEAFF,0,0,0,13,0,0
CACSLISGYEQFF,16,0,0,0,0,0
CASSDSSDTQYF,11,0,0,0,0,0
CTSSPHSGTSVEQHF,0,0,11,0,0,0
CASGLAEGREAFF,1,0,0,0,0,0
CASSELAGGASSTDTQYF,1,0,0,0,0,0
CAGSPHSGTSVEQHF,0,0,2,0,0,0
CASSQGTAEAFF,237,0,0,0,0,0
CASSYPGAEAFF,0,0,1,0,0,0
CASSQDVLNTEAFF,8,0,0,0,0,0
CASSFKGQRIQYF,0,0,0,212,0,0
CASSLVAVSTDTQYF,0,0,0,3,0,0
CAWKDRLNTEAFF,184,0,0,0,0,0
CASGLRNTEAFF,0,0,0,1,0,0
CSANGLAASYEQYF,13,0,0,0,0,0
CAVIFSSNTGKLIF,0,0,0,51,0,0
CASSHGMSDEQYF,472,0,0,0,0,0
CAVDRDDKIIF,307,0,0,0,0,0
CASRRQGPYNEQFF,0,0,0,5,0,0
CASSSQETQYF,0,0,0,4,0,0
CASSSTVGQPQHF,82,0,0,0,0,0
CASSDREIEQYF,0,0,8,0,0,0
CASTYGNTIYF,61,0,0,0,0,0
CSARGTSGSGTDTQYF,0,0,0,22,0,0
CASSSSCGYAF,0,0,0,1,0,0
CAVSDQTQGGPEKLVF,0,0,0,1,0,0
CASSLRGTEAFF,452,0,0,0,0,0
CASRQLLGSAAEQFF,111,0,0,0,0,0
CSVDSPGANVLTF,0,0,0,10,0,0
CASSLTANAEAFF,0,0,1,0,0,0
CASSSILGTPDTQYF,2,0,0,0,0,0
CAWSVGAEGTEAFF,0,0,0,2,0,0
CSAREGAAEQYF,0,0,0,40,0,0
CAISESTGVRNSPLHF,0,0,0,4,0,0
CSARDTLGTIYNEQFF,0,0,0,2,0,0
CASSPTAYGTQYF,0,0,0,19,0,0
CASRTSQGPNEQFF,0,0,0,3,0,0
CASSLDRAAHEQYF,0,0,0,4,0,0
CASSYSAQLLYGYTF,102,0,0,0,0,0
CASSPHSETSVEQYF,0,0,4,0,0,0
CASSSGQVEGYTF,0,0,0,2,0,0
CASSFGTGNYEQYF,4,0,0,0,0,0
CASTDIRDRTDF,116,0,0,0,0,0
CASSPRTGSTDTQYF,0,0,0,1,0,0
CASSQDRDGPYTGAFF,0,0,0,1,0,0
CASSLSAPYPPQHF,1,0,0,0,0,0
CAASSNRDDKIIF,0,0,0,32,0,0
CADSQGGSEKLVF,9,0,0,0,0,0
CASSPTPTGELLF,0,0,0,60,0,0
CASSSAPDLTYEQYF,3,0,0,0,0,0
CAASAKGGSEKLVF,0,0,0,61,0,0
CASSLFRPGAPSYEQYF,86,0,0,0,0,0
CASSQAETIANEQFF,0,0,1,0,0,0
CASSPSKALAGINEQFF,2,0,0,0,0,0
CASSPGTGHNEQFF,336,0,0,0,0,0
CAGSPSLRGTDTQHF,4,0,0,0,0,0
CASSPRTEAYGYTF,0,0,0,65,0,0
CASSPGTEAFF,0,0,0,96,0,0
CAGSFGGYEQYF,0,0,0,1,0,0
CASSLASRQGIEEQYF,0,0,0,1,0,0
CASSPDRNYNEQFF,0,0,0,5,0,0
CASSPGLRGTDTQYF,170,0,0,0,0,0
CASSLGRMVTEAFF,131,0,0,0,0,0
CASSLTGNTEAFF,0,0,0,2,0,0
CASSSLGRIYEQYF,0,0,0,8,0,0
CALKIVF,0,0,2,0,0,0
CAEREVRGSEKLVF,0,0,0,4,0,0
CASSLAGTVGGYTF,0,0,0,7,0,0
CASSLGGLTEAFF,31,0,0,0,0,0
CAWSSSSGETQYF,0,0,150,0,0,0
CASSSGHSNVETQYF,0,0,0,4,0,0
CASSQADSNTEAFF,9,0,0,0,0,0
CASSQDLGQLETQYF,13,0,0,0,0,0
CAASDRNRDDKIIF,0,0,0,1,0,0
CASRLEGLGTEAFF,0,0,0,358,0,0
CASSSTGRFTEAFF,0,0,0,2,0,0
CASSYTGGAYEQYF,0,0,0,58,0,0
CASSQVVTGVQPQHF,0,0,0,686,0,0
CASSLGGGGDTQYF,0,0,0,26,0,0
CAASKSNF,0,0,0,12,0,0
CASSPTGAYEQYF,0,0,0,2,0,0
CSVADTVSYEQHF,1,0,0,0,0,0
CASSQDSAGTHNEQFF,2,0,0,0,0,0
CASSPDRAGVSKQFF,0,0,0,4,0,0
CAMSLSNF,0,0,0,8,0,0
CAVNQGNTGKLIF,244,0,0,0,0,0
CASEAPEDSYEQYF,145,0,0,0,0,0
CATSTLSQGSEQFF,155,0,0,0,0,0
CASSSGVEREQYF,1,0,0,0,0,0
CASSQEDGPSDNQPQHF,0,0,0,11,0,0
CASSYPGQGYTF,0,0,0,4,0,0
CASSEREEAFF,20,0,0,0,0,0
CASSLDRADGYTF,0,0,0,357,0,0
CASSPPGLLPFF,0,0,0,18,0,0
CASVPRDGTYNEQFF,0,0,0,107,0,0
CSVPLPPGTDTQYF,0,0,0,2,0,0
CASSLVQGSINEQYF,10,0,0,0,0,0
CASSPHSGTNVEQFF,0,0,1,0,0,0
CASSHLSSYEQYF,0,0,0,3,0,0
CASSETGSPQPRHF,0,0,1,0,0,0
CASSERTAENTEAFF,0,0,0,2,0,0
CASSHSGLSDGYTF,0,0,161,0,0,0
CASSLARYEQYF,0,0,2,0,0,0
CASTFVQGSYEQYF,0,0,0,8,0,0
CASSLSTGRVHEAFF,3,0,0,0,0,0
CASSLPADYGYTF,18,0,0,0,0,0
CASSQPPRNEQFF,0,0,12,0,0,0
CASSEYVTNYGYTF,58,0,0,0,0,0
CASSIMGTDTQYF,7,0,0,0,0,0
CASSDYIRAFF,5,0,0,0,0,0
CASSPGTSDSNEQFF,0,0,0,19,0,0
CALSSSGAGSYQLTF,0,0,0,9,0,0
CASRSSSYNEQFF,0,0,0,3,0,0
CAVDILGGSQGNLIF,0,0,0,1,0,0
CACNPGQGQPQYF,0,0,1,0,0,0
CASSSGQSGNTVYF,0,0,0,39,0,0
CAVVGSSNTGKLIF,0,0,0,1149,0,0
CASSYVVNTKTFF,0,0,1,0,0,0
CASRQLLADTQYF,1,0,0,0,0,0
CASSLWSLNEQFF,9,0,0,0,0,0
CASSLSFMNTEALF,0,0,1,0,0,0
CASSESASGDLETQYF,0,0,0,283,0,0
CARSSNTGKLIF,1,0,0,0,0,0
CASSLIQGGIDYGHAF,0,0,0,1,0,0
CASSELGTPQPRYF,0,0,1,0,0,0
CASSLTSDPTDTQYF,264,0,0,0,0,0
CASSEDRLSGNTIYF,0,0,212,0,0,0
CASSPGTGDTDTQYF,16,0,0,0,0,0
CASSGTSGRSYNEQFF,31,0,0,0,0,0
CASSLAVAGLQETQYF,0,0,418,0,0,0
CASSLATGGNRTEAFF,0,0,0,2,0,0
CASSSLAGNTIYF,2,0,0,0,0,0
CAVNALRDDKIIF,0,0,0,1483,0,0
CASRLAGQGPSTEAFF,0,0,0,530,0,0
CSARAPQAFF,2,0,0,0,0,0
CASSPHSGTSVEQFF,0,0,0,1,0,0
CASSLVKGNEQYF,0,0,0,106,0,0
CASSLGQGNYEQYF,0,0,0,1,0,0
CASSLGPRSSYEQYF,150,0,0,0,0,0
CASSKGTAYEQYF,11,0,0,0,0,0
CASSPRRYPMESQYF,0,0,0,1,0,0
CAGSYSTHEQYF,0,0,0,1,0,0
CATAPNSGNTPLVF,45,0,0,0,0,0
CASSSSVDTTQYF,0,0,0,3,0,0
CASSSTVSSIIEAFF,0,0,1012,0,0,0
CASSLDAGEQFF,3,0,0,0,0,0
CAPYANRDDKIIF,0,0,0,2,0,0
CACSQDRDGPYTEAFF,1,0,0,0,0,0
CASSLVSDQPQHF,33,0,0,0,0,0
CASGLVLAGEQFF,1,0,0,0,0,0
CSAKQTNTEAFF,0,0,0,1,0,0
CAASQWGNTPLVF,25,0,0,0,0,0
CASSEIPGVGGYTF,170,0,0,0,0,0
CASSPSTGWDTEAFF,0,0,0,18,0,0
CASSSQGTQYF,0,0,0,2,0,0
CAVDPLNYGGSQGDPIF,0,0,0,1,0,0
CASSRREHSYEQYF,24,0,0,0,0,0
CSAWDRLSYEQYF,86,0,0,0,0,0
CASSVDASNSGNTIYF,25,0,0,0,0,0
CASSGQEASYNEQFF,6,0,0,0,0,0
CAGSLAEGREAFF,2,0,0,0,0,0
CSARADGYEQYF,3,0,0,0,0,0
CASSSQQGPISYEQYF,147,0,0,0,0,0
CAVRTQGGSEKLVF,61,0,0,0,0,0
CASSRTRQETQYF,0,0,0,2,0,0
CASSYYENTEAFF,0,0,0,3,0,0
CASSLRAGLEISYEQYF,28,0,0,0,0,0
CASCEFGSYNEQFF,0,0,0,5,0,0
CASSPRQEDGYTF,0,0,97,0,0,0
CASSLDRGVQETQYF,34,0,0,0,0,0
CATLDGGNEQYF,5,0,0,0,0,0
CASSLDVGQGYEQYF,438,0,0,0,0,0
CASSLGNTGAFF,0,0,0,3,0,0
CAVERWRDDKIIF,1,0,0,0,0,0
CASSQDGEETQYF,0,0,0,32,0,0
CASGLLVGTVNTEAFF,0,0,0,937,0,0
CAVRDFGTALIF,0,0,0,28,0,0
CASSLSYSYEQYF,0,0,0,3,0,0
CASSKRYEQYF,0,0,0,11,0,0
CASSLDRGGGNTIYF,0,0,0,3,0,0
CASRATGILNTEAFF,0,0,0,4,0,0
CASSQEFGTGDLPYYNEQFF,107,0,0,0,0,0
CARSLAESREAFF,3,0,0,0,0,0
CASSEGQEEETQYF,2,0,0,0,0,0
CASSGTSVEQYF,0,0,1,0,0,0
CAGQTRDDKIIF,0,0,0,23,0,0
CASSLGGQGSLSYNSPLHF,0,0,0,8,0,0
CASSVTTDTQYF,12,0,0,0,0,0
CASSRQIPGQEIDTQYF,1,0,0,0,0,0
CASSSSTGFGYEQYF,0,0,0,1,0,0
CASSFNQGEQYF,2,0,0,0,0,0
CASSLGRGAGGYTF,0,0,25,0,0,0
CASSFSNQPQHF,0,0,0,6,0,0
CASSLEPISWRYF,6,0,0,0,0,0
CAFIHSGNTPLVF,5,0,0,0,0,0
CASSTRRNYEQYF,2,0,0,0,0,0
CASSVSSGAGTEAFF,8,0,0,0,0,0
CASSRLLTARTAFF,18,0,0,0,0,0
CASSFRPQGPSTEAFF,1786,0,0,0,0,0
CASSAHGQGVEQYF,0,0,0,6,0,0
CATRDRRGGYNEQFF,0,0,0,1,0,0
CAVNIGTGGFKTIF,2,0,0,0,0,0
CAVTNRDDKIIF,3,0,0,0,0,0
CASSQDSNQPQHF,18,0,0,0,0,0
CASSFDLTALHEQYF,16,0,0,0,0,0
CAESLNYGGSQGNLIF,456,0,0,0,0,0
CASSQAGYKQYF,0,0,1,0,0,0
CASSQVQGSYEQYF,3,0,0,0,0,0
CASSQDSLSSATFF,0,0,0,76,0,0
CASSSPGAGNTEAFF,4,0,0,0,0,0
CATSEADEQFF,0,0,0,27,0,0
CASSHAPGNVQFF,5,0,0,0,0,0
CATSDGRLIPTDTQYF,0,0,0,2,0,0
CATQVADSTDTQYF,0,0,0,1,0,0
CASTYAAGQGYEQFF,0,0,388,0,0,0
CAGAPVATGTYKYIF,0,0,0,17,0,0
CASSSWTPTDTQYF,3,0,0,0,0,0
CASSQDSLLGDKVSLYEQYF,0,0,0,7,0,0
CATSDLPGAEQFF,0,0,0,844,0,0
CASSELGTPQPQYF,0,0,1302,0,0,0
CASSRDSSNTEAFF,65,0,0,0,0,0
CASKAQSNQPQHF,0,0,0,335,0,0
CASSLISLTNTEAFF,26,0,0,0,0,0
CASSLAGIDTQYF,29,0,0,0,0,0
CASSLSLGSYEQYF,0,0,10,0,0,0
CALSDTGGFETIF,0,0,3,0,0,0
CSVGYGETQYF,0,0,0,84,0,0
CASGSNQAGTALIF,0,0,1,0,0,0
CAESIGYGGSQGNLIF,0,0,0,1,0,0
CASSNSNQPQHF,127,0,0,0,0,0
CAGDDGNQFYF,0,0,0,5,0,0
CASSYGQGGNEQYF,0,0,0,2,0,0
CAGANGDPGNTPLVF,1998,0,0,0,0,0
CASSFGPLATEAFF,0,0,0,7,0,0
CATTEQGQQYYGYTF,0,0,0,116,0,0
CASSEDPTGPPYDTQYF,8,0,0,0,0,0
CASSADSSLNEQFF,0,0,0,4,0,0
CASSQEFLAAETQYF,0,0,1189,0,0,0
CASNLGDYEQFF,42,0,0,0,0,0
CASRGETQYF,0,0,0,2,0,0
CASSLYGQMMDF,9,0,0,0,0,0
CASSYGTAYEQYF,0,0,0,2,0,0
CASSLSSGAPSYNEQFF,0,0,0,6,0,0
CAASDSGNTPLVF,2,0,0,0,0,0
CASSQGAAEAFF,117,0,0,0,0,0
CASSHGGEQFF,1,0,0,0,0,0
CASSYSPTDGYPF,0,0,0,1,0,0
CAGLMNRDDKIIF,3,0,0,0,0,0
CASSPEDRVDTQYF,0,0,0,2,0,0
CAAETQGGSEKLVF,0,0,0,46,0,0
CASSLRSDYEQYF,0,0,253,0,0,0
CASSLGTDPNYGYTF,104,0,0,0,0,0
CAGASGSARQLTF,0,0,0,6,0,0
CAVGAGNTPLVF,19,0,0,0,0,0
CASSGAYEQYF,1,0,0,0,0,0
CASSLLGLDQPQHF,9,0,0,0,0,0
CASSLVPGEEPQYF,0,0,0,1,0,0
CASSLGGGTEAFF,2,0,0,0,0,0
CASSQGPEAFF,0,0,0,9,0,0
CASSPGTRADPADTQYF,0,0,0,5,0,0
CASSLLGNDGYTF,0,0,0,6,0,0
CAWSVLGEEVGSPLHF,0,0,0,2318,0,0
CASSFGGYVQYF,2,0,0,0,0,0
CASSFLAGLETQYF,0,0,0,8,0,0
CASIIYPQGSAEAFF,0,0,17,0,0,0
CSARGTLSLNTEAFF,3,0,0,0,0,0
CSATQDGSYEQYF,0,0,0,7,0,0
CASSPMASYEQHF,1,0,0,0,0,0
CAGSYGGEQFF,4,0,0,0,0,0
CASSVVTDTQYF,590,0,0,0,0,0
CASSYQETQYF,2,0,0,0,0,0
CSARWSQETRYF,0,0,1,0,0,0
CAVNLNQAGTALIF,0,0,405,0,0,0
CASSPGQALNEQFF,0,0,0,4,0,0
CSVRVPNTEAFF,0,0,201,0,0,0
CAASFNQAGTALIF,3,0,0,0,0,0
CASSLLGQTGEAQYF,0,0,0,1,0,0
CASSLTTSGNNEQFF,0,0,0,286,0,0
CASSYDGPGRGNYGYTF,2,0,0,0,0,0
CASSQEGLAGMQFF,0,0,0,12,0,0
CASSFEEVNTEAFF,0,0,1164,0,0,0
CASTPGGAYNEQFF,0,0,0,24,0,0
CASSSTRDSSYEQYF,0,0,0,123,0,0
CASSPEWTGADTQYF,3,0,0,0,0,0
CASRLGTEAFF,67,0,0,0,0,0
CASSLGLGKYSNQPQHF,0,0,27,0,0,0
CASSSGLELEAFF,53,0,0,0,0,0
CSARSGLSTYNEQFF,1,0,0,0,0,0
CASSDPFQETQYF,134,0,0,0,0,0
CASSEGTSQETQYF,18,0,0,0,0,0
CASSLRGFYEQYF,0,0,0,10,0,0
CTSNLGNTEAFF,0,0,0,1,0,0
CAVEYRNLSGNTPLVF,23,0,0,0,0,0
CACLSGGGADGLIF,0,0,0,1,0,0
CASSGRTQVNQPQHF,0,0,0,2,0,0
CATKPLYQETQYF,0,0,0,14,0,0
CAEKGDF,3,0,0,0,0,0
CASRDLVRLADSADTQYF,0,0,0,5,0,0
CAISDPGKDSPLHF,5,0,0,0,0,0
CASSFGLTNTEAFF,0,0,0,4,0,0
CASSSYSYEQYF,0,0,0,660,0,0
CASSPGQSSYNEQFF,11,0,0,0,0,0
CAASIRDDKIIF,0,0,5,0,0,0
CASSLTEAFF,0,0,0,5,0,0
CASSLTNEQFF,4,0,0,0,0,0
CASSELVGEYNEQFF,11,0,0,0,0,0
CASSVGQGIASGNTIYF,1,0,0,0,0,0
CASSVDGQVTDTQYF,3,0,0,0,0,0
CASSGGPGQFYEQYF,0,0,1,0,0,0
CASTLGQPYEQYF,14,0,0,0,0,0
CASSQADYEQYF,0,0,1,0,0,0
CASSSGLRTVDEQFF,0,0,798,0,0,0
CASSPYPGTSVEQYF,0,0,2,0,0,0
CSALPDGHRPAFF,2,0,0,0,0,0
CASSLDSQETQYF,0,0,0,48,0,0
CSVEFVQGSSYEQYF,1,0,0,0,0,0
CASSLGLGSYHEQYF,13,0,0,0,0,0
CASSLELAYEQYF,3,0,0,0,0,0
CASSYEGTEAFF,155,0,0,0,0,0
CASSGVSQETQYF,7,0,0,0,0,0
CASSSPLGQANTEAFF,382,0,0,0,0,0
CASSPHSGTGVVQYF,0,0,0,2,0,0
CATSRDLEAGTDTQYF,4,0,0,0,0,0
CAVGDQTQGGSEKLVF,0,0,0,8,0,0
CSARADRVGNTIYF,0,0,0,6,0,0
CASSPDGQSGGYTF,0,0,0,16,0,0
CSVKAGYEQYF,0,0,0,6,0,0
CASSPHSGTSIEQHF,0,0,1,0,0,0
CANSPHSGTSVELYF,0,0,2,0,0,0
CASSQGAGYSPLHF,0,0,0,26,0,0
CASSGKRDEQFF,0,0,26,0,0,0
CASSPHSEASVEQYF,0,0,14,0,0,0
CASRTRAHEQFF,3,0,0,0,0,0
CASSYAGTAPSEQYF,0,0,0,2,0,0
CASSLTGESSYEQYF,9,0,0,0,0,0
CASSDQRAEAFF,0,0,0,2,0,0
CASSPRQVFEPEAFF,0,0,0,4,0,0
CASSYSTGYNEQFF,0,0,0,79,0,0
CASSQGLDRDNEQFF,0,0,0,10,0,0
CASITLAGSHNEQFF,2,0,0,0,0,0
CAYWVNRDDKIIF,3,0,0,0,0,0
CASSIQGRNQPQHF,0,0,0,4,0,0
CAGSLGGYEQYF,0,0,1,0,0,0
CASSHSVLSGGETQYF,0,0,5,0,0,0
CASRRDFPYEQYF,0,0,0,13,0,0
CASSLAPNTEAFF,0,0,0,27,0,0
CATDNQAGTALIF,0,0,0,1,0,0
CAVPNYGGSQGNLIF,87,0,0,0,0,0
CASSLTRAGNTEAFF,0,0,0,5,0,0
CASSPGQESYEQYF,123,0,0,0,0,0
CASSPSAGPLYGYTF,0,0,0,53,0,0
CASSEEGSYNEQFF,0,0,0,80,0,0
CASSPNRGPYGYTF,0,0,0,10,0,0
CAFVNIAGGSQGNLIF,0,0,0,22,0,0
CASSSTRGRGQPQHF,0,0,0,350,0,0
CASSLRAANYGYTF,2,0,0,0,0,0
CASSLGRTSAHSGETQYF,0,0,0,192,0,0
CASSLGTEYQPQHF,70,0,0,0,0,0
CASSIRQEIYNEQFF,0,0,0,1,0,0
CAESLNYGGSQGNHIF,0,0,0,1,0,0
CASSLRAPASGKLRSYNEQFF,0,0,0,1,0,0
CASSLEETQYF,5,0,0,0,0,0
CASSPHSGTGVELYF,0,0,2,0,0,0
CSVVASSYNEQFF,0,0,0,10,0,0
CAVMSYGGSQGNLIF,0,0,0,684,0,0
CASSRAGANVLTF,6,0,0,0,0,0
CASGLVAGASNEQFF,0,0,0,1,0,0
CSAPRQRAWYTF,112,0,0,0,0,0
CASSPQQGTREPQHF,10,0,0,0,0,0
CASSVVITDTQYF,11,0,0,0,0,0
CASTTTTTAKNYGYTF,0,0,0,2,0,0
CASSLSLRLAGSHEQYF,3,0,0,0,0,0
CAGRDLSYEQYF,0,0,0,183,0,0
CASSLVTGELLLTYNEQFF,0,0,0,1,0,0
CASSHRSSGANVLTF,0,0,10,0,0,0
CSARDWGYEQYF,16,0,0,0,0,0
CASSLVDEQYF,0,0,0,23,0,0
CASSQQGQGRETQYF,0,0,0,15,0,0
CSARGGQGHNSPLHF,0,0,0,6,0,0
CASSFGEYEQYF,0,0,1,0,0,0
CAGESGYALNF,3,0,0,0,0,0
CASSQEMGIEQFF,0,0,0,15,0,0
CASSSHSGTSVEQYF,0,0,10,0,0,0
CASRDQGYTEAFF,3,0,0,0,0,0
CASSFSGLAEAFF,34,0,0,0,0,0
CAGSPHSGTSVKQYF,0,0,1,0,0,0
CASSSTSGGYTF,0,0,0,2,0,0
CASSQDTTSSYEQYF,0,0,0,5,0,0
CASSFGTASYEQYF,0,0,0,20,0,0
CSASLRDRVSVEQYF,1,0,0,0,0,0
CASAERAYEQYF,30,0,0,0,0,0
CTSSPHSGTSVELYF,0,0,1,0,0,0
CASSADRSTEAFF,0,0,0,3,0,0
CASDSTSYAF,2,0,0,0,0,0
CASSSEDYRAYEQYF,44,0,0,0,0,0
CASSSPLGQANTVAFF,2,0,0,0,0,0
CASLTGINTEAFF,0,0,0,1,0,0
CASSLGNEQFF,3,0,0,0,0,0
CASGFLVGTVNTEALF,0,0,0,1,0,0
CASSYTEGEQFF,0,0,0,3,0,0
CASTVGNYQPQHF,0,0,0,4,0,0
CASSPIQDRRIYEQYF,0,0,0,5,0,0
CATSRDRTGDIQETQYF,0,0,0,24,0,0
CASSPPMVEETQYF,0,0,0,9,0,0
CASRRSYEQYF,8,0,0,0,0,0
CSATGSSYEQYF,15,0,0,0,0,0
CASSQDETGSLYGYTF,93,0,0,0,0,0
CASSQAPNKFASEAFF,0,0,0,872,0,0
CASSLAPDHGQYF,1,0,0,0,0,0
CASSLRDRPYEQYF,545,0,0,0,0,0
CASLLDRARNEQYF,211,0,0,0,0,0
CAGSESRAYEQYF,2,0,0,0,0,0
CANSFLGENYGYTF,2,0,0,0,0,0
CASSQGNTEAFF,0,0,0,7,0,0
CASSFSGFAEQYF,0,0,0,2,0,0
CASSFYSHETQYF,8,0,0,0,0,0
CASSQARDSNSPLHF,0,0,0,30,0,0
CSVPLPPGPYEQYF,0,0,0,856,0,0
CAVKYYGGSQGNPIF,0,0,0,8,0,0
CASSPIQGSNYGYTF,0,0,0,8,0,0
CSVAPGQTYEQYF,63,0,0,0,0,0
CASSEGTNTGAFF,4,0,0,0,0,0
CASSLDVGTPNYGYTF,3,0,0,0,0,0
CAASIPSSNTGKLIF,86,0,0,0,0,0
CASSQGRDRVGEQYF,0,0,0,6,0,0
CASSEDPGRFYEQYF,0,0,2,0,0,0
CASSEGLGYEAFF,1,0,0,0,0,0
CASRPSGDSYEQYF,0,0,0,4,0,0
CAGPEGSQGNLIF,37,0,0,0,0,0
CASSLGQLNTEAFF,0,0,0,15,0,0
CASRLGGTGTNTEAFF,0,0,0,1870,0,0
CATSREGPLAEGRGEQFF,0,0,82,0,0,0
CAGVTNTGKLIF,0,0,0,2618,0,0
CASSDQTGGDTQYF,99,0,0,0,0,0
CASASLSSREGTEAFF,54,0,0,0,0,0
CASSRGVSIGTDTQYF,0,0,0,2,0,0
CASSIMRDHREQYF,100,0,0,0,0,0
CATDQAGTALIF,0,0,20,0,0,0
CASCRAPNKFASEAFF,0,0,0,1,0,0
CAWSEIGVGQPQHF,0,0,692,0,0,0
CASSHVAGAGNQPQHF,0,0,1,0,0,0
CAGLQQAGTALIF,30,0,0,0,0,0
CSARDALAGLSVYNEQFF,0,0,0,2,0,0
CAYRSAFSNSGYALNF,2,0,0,0,0,0
CASSQGNSAYEQYF,9,0,0,0,0,0
CATSGGRIDNEQFF,6,0,0,0,0,0
CASSFGGPRTEAFF,0,0,0,4,0,0
CATDGGAHREQFF,11,0,0,0,0,0
CASSPPGPRIRETRYF,0,0,0,1,0,0
CARSLQGLGYGHTF,0,0,1,0,0,0
CASSFRTYYGYTF,0,0,0,2,0,0
CASEGSHKGYEQYF,35,0,0,0,0,0
CASSPANVETQYF,0,0,0,19,0,0
CASSYQEGARTYGYTF,0,0,0,2,0,0
CASSSDYSSGNTIYF,0,0,0,9,0,0
CASHSGQGTDTQYF,0,0,0,1,0,0
CASSVEGGYEQYF,0,0,0,6,0,0
CALEIIF,0,0,1,0,0,0
CASCELGSHNEQFF,0,0,0,1,0,0
CASSQWTVSNTEAFF,0,429,0,0,0,0
CASSLNPNYGYTF,0,0,0,5,0,0
CASRTNWEQFF,0,0,0,20,0,0
CASSNGLTISTDTQYF,0,0,0,5,0,0
CASSLADSPLHF,37,0,0,0,0,0
CASSQVERIYEQYF,0,0,0,1,0,0
CASSFRVHEQYF,5,0,0,0,0,0
CASSQAGYEQYF,0,0,9204,0,0,0
CASSFTGNLDEQYF,0,0,0,4,0,0
CASSSGTIITDTQYF,0,0,1068,0,0,0
CASSLGSTDTQYF,0,0,132,0,0,0
CASSSGQGLMNTEAFF,4,0,0,0,0,0
CASSTTVEQFF,97,0,0,0,0,0
CASSPPETGAYEQYF,0,0,124,0,0,0
CASSPAGMAEAFF,38,0,0,0,0,0
CASGSRTGYGLETQYF,0,0,0,2,0,0
CASSQVLDSYEQYF,0,0,0,3,0,0
CASSFAPGGQPQHF,14,0,0,0,0,0
CASSPQDSGNTIYF,55,0,0,0,0,0
CAYRSAEGSDDKIIF,0,0,0,19,0,0
CACSPHSGASVEQYF,0,0,1,0,0,0
CASSEDSGQSYEQYF,0,0,1,0,0,0
CATSMGTEAFF,965,0,0,0,0,0
CASSQGPGTSYGYTF,0,0,403,0,0,0
CASSYEIQGENTEAFF,1,0,0,0,0,0
CASSYWTSEGEQFF,0,0,0,3,0,0
CASSMTVEAFF,1,0,0,0,0,0
CAGSPSLRGTDTQYF,1,0,0,0,0,0
CASSDGDISGNAIYF,1,0,0,0,0,0
CASSVGGEETQYF,0,0,0,12,0,0
CASSSHTYEQYF,0,0,7,0,0,0
CSASGFSYNEQFF,0,0,0,5,0,0
CASSSTGTPIQNGYTF,6,0,0,0,0,0
CALSEARVDDKIIF,13,0,0,0,0,0
CASGPHPGTSVEQYF,0,0,1,0,0,0
CASSIGQGNTEQFF,0,0,1,0,0,0
CASSLQAEVETQYF,2,0,0,0,0,0
CASSLALYNEQFF,409,0,0,0,0,0
CASSVTSSYNEQFF,10,0,0,0,0,0
CASSGRDIGYEQYF,0,0,0,268,0,0
CATSRAQGSIDTEAFF,29,0,0,0,0,0
CASSLVGWVSGEPTDTQYF,417,0,0,0,0,0
CASSYSTNYGYTF,150,0,0,0,0,0
CASGLLNSYSEQFF,0,0,1,0,0,0
CASSPSLRGTDTQYF,10396,0,0,0,0,0
CASLTGMNTGAFF,0,0,0,4,0,0
CASSFGTGAPYEQYF,1,0,0,0,0,0
CASSWDRGNSPLHF,99,0,0,0,0,0
CAVSAGNTPLVF,0,0,0,5,0,0
CAISEGGASSYEQYF,0,0,0,1,0,0
CASSLGTGDLQETQYF,5,0,0,0,0,0
CASSAKLGVSLYGYTF,177,0,0,0,0,0
CASSSGTGTNEQFF,27,0,0,0,0,0
CATSDLTRGVSYEQYF,3,0,0,0,0,0
CASSSPYGYAF,0,0,0,12,0,0
CAATNQAGIALIF,2,0,0,0,0,0
CAFTKANF,6,0,0,0,0,0
CASSYLNQPQHF,42,0,0,0,0,0
CASSYFSGNTIYF,216,0,0,0,0,0
CASSPHSGTSVGRYF,0,0,2,0,0,0
CAVVANQAGTALIF,6,0,0,0,0,0
CASSPDQGTEAFF,156,0,0,0,0,0
CAAEGQGMQETQYF,0,0,8,0,0,0
CSANRYYNEQFF,0,0,0,4,0,0
CAVRDRTGTYKYIF,0,0,0,16,0,0
CASSLRQGASYEQYF,196,0,0,0,0,0
CATDGTSWYEQFF,0,0,0,1,0,0
CASSQDRAGETQYF,2,0,0,0,0,0
CTSSLEAGRQGETQYF,0,0,1,0,0,0
CASSLPLAVYNEQFF,43,0,0,0,0,0
CASSPTTGIPYEQYF,39,0,0,0,0,0
CASSQLAGINEQFF,0,0,0,19,0,0
CASSLGVDTQYF,0,0,0,260,0,0
CASSALKGTEAFF,4,0,0,0,0,0
CASSFYSDLYNEQFF,0,0,0,417,0,0
CALGELETGGFKTIF,0,0,0,3,0,0
CASIILAGSYNEQFF,1,0,0,0,0,0
CASSLAYGTETEAFF,10,0,0,0,0,0
CASILGVSDEQYF,0,0,0,2,0,0
CAWSEMGMGQPQHF,0,0,16,0,0,0
CAGSFRTGWYGYAF,0,0,0,2,0,0
CASSSHFPGTGVYGYTF,0,0,0,10,0,0
CAARGSQGNLIF,256,0,0,0,0,0
CASSWGTEAFF,0,0,107,0,0,0
CSARDPAWDGYTF,0,0,0,619,0,0
CAVGAGSYQLTF,0,0,1,0,0,0
CASSIAQGSSNQPQHF,0,0,102,0,0,0
CSAAGIFLEQYF,0,0,0,19,0,0
CSVDSTDTQYF,0,0,465,0,0,0
CAGAEGNTPLVF,4,0,0,0,0,0
CASGANEQFF,3,0,0,0,0,0
CASGQAIQETQYF,3,0,0,0,0,0
CASSSDRVETQYF,1,0,0,0,0,0
CANSYGLNTEAFF,0,0,0,1,0,0
CASSVIAGLVSYEQYF,12,0,0,0,0,0
CAYRSAGGSEKLVF,0,0,0,38,0,0
CAGKISDDKIIF,9,0,0,0,0,0