CDR3,JH_MelA-_TCRb_t01,JH_MelA+_TCRb_t01,JH_MelA+_TCRb_t02
CSARPHHNEQFF,203,9,1212
CASALGGSGFYEQYF,1,0,861
CASSFLGNTEAFF,1278,1,0
CASSVAGGSYEQYF,621,1,0
CASSPVNSNQPQHF,10,0,10229
CAATLADDKIIF,7,0,10
CASRDRAIDEQYF,221,0,5148
CSARDQTGNGYTF,2418,2106,0
CALRRQGLGQPQHF,322,5130,0
CASAPPGTTYNEQFF,692,153,0
CASSPHSGTSVEQYF,0,7,2652
CAHDKGDKIIF,225,0,797
CASRSYRATSGRRSYNEQFF,830,0,480
CAWRVGGRAYEQYF,928,0,212
CASSFSWTGLSYEQYF,225,0,140
CASSFGTQTGEQYF,1379,0,1731
CATTPSGSIYEQYF,2510,0,2692
CAVRPSNF,42,0,321
CASSYGGEQFF,8,0,559
CASSSTGYEQYF,451,0,366
CASRLALLAHQETQYF,109,14,0
CASSEVDSSYNEQFF,64482,2,0
CASSGQEGYEQYF,268,0,168
CASSLRGQGWNEQFF,940,0,27683
CSAIVTGVGQPQHF,0,331,272
CASSQHGDSSYEQYF,0,92,2100
CAVNAYGGSQGNLIF,1,2,0
CASSRPDSPLHF,983,1,0
CASSPGQGVHGYTF,476,94,0
CASSEAGASNEQFF,189,2,0
CASSLQDYEQYF,5948,10,0
CASSLLSYEQYF,595,0,52
CASNPARHTEAFF,1088,0,4511
CASSLSSGSEAFF,66,0,0
CASSLGPDASYEQYF,4,0,0
CAASASNF,4,0,0
CAVQASGTYKYIF,3,0,0
CASSDLAGVVDTQYF,36,0,0
CASSEVGSSYNEQFF,2,0,0
CAAMNRDDKIIF,3,0,0
CASGGTGREQYF,1,0,0
CASSLGTRQETQYF,5,0,0
CATSRERATAYEQYF,385,0,0
CASSVGTGDNEQFF,144,0,0
CASSQRTYNEQFF,368,0,0
CASGLRGQGWNEQFF,0,0,1
CASSLGQGLPEQYF,23,0,0
CATSDLATGYNEQFF,8,0,0
CASSFQPYEQYF,11,0,0
CASSLSRVTYEQYF,0,344,0
CASSMRGSGANVLTF,170,0,0
CAFNRDDKIIF,119,0,0
CASSQETSEGPDTQYF,3,0,0
CASSVAAGASCEQYF,1,0,0
CASSGGQAYEQYF,3,0,0
CASSPTADSYEQYF,80,0,0
CASSEVDSSCNEQLF,1,0,0
CAWSVPWGQGGSNYGYTF,242,0,0
CASNYASEQYF,1,0,0
CASSLSGWNTEAFF,3,0,0
CASSPTGIGTEAFF,0,6705,0
CASSLSPGSQETQYF,0,0,182
CASSMGQGDEQYF,117,0,0
CASRGQEAEQYF,5,0,0
CASSPGSIYEQYF,152,0,0
CAWKYQRVGNEQFF,0,5,0
CAISQEAIEQFF,7,0,0
CAGSLSPGGRGQYF,1,0,0
CASSQEGVGAFF,849,0,0
CASSVVGVSPTDTQYF,197,0,0
CASSPGTSNYGYTF,2337,0,0
CSARVQGQETQYF,3,0,0
CASSLAGGPYEQYF,4,0,0
CASGPINLSTEAFF,1,0,0
CASSYTSYNEQFF,22,0,0
CASSYPDRRGYEQYF,37,0,0
CASSEAGLIDGYTF,9,0,0
CASSLAYEQYF,144,0,0
CASSDSTGSSSGANVLTF,67,0,0
CSVEDRLAGGPWNEQFF,2,0,0
CASSRALANNEQFF,368,0,0
CASSYLQGTYGYTF,2,0,0
CASSDVGGSSGEQFF,9,0,0
CASSQEASTYEQYF,1,0,0
CASSTDRLNTEAFF,166,0,0
CATRDNYGQNFVF,9,0,0
CASSMQGSDEQYF,338,0,0
CASSPLIGTDTQYF,26,0,0
CALTGAPSNF,6,0,0
CASSEAHPNNYGYTF,9,0,0
CASSLPTRMPGEFF,4,0,0
CASSPTGVGETQYF,105,0,0
CASSRVGQFF,28,0,0
CATKWSSGRDSNEQFF,22,0,0
CTSSQRTYNEQLF,1,0,0
CASNTGWSEQFF,13,0,0
CASSYGESERYF,2,0,0
CASSELAGGTDTQYF,203,0,0
CASSVGQFAYERYF,1,0,0
CSVFGATEPHPYEQYF,7,0,0
CASSLVSGLSYEQYF,5,0,0
CASSHGTTYEQYF,364,0,0
CASSTGSGNTIYF,41,0,0
CASSLAVYNEQFF,264,0,0
CASSQELGEGDGYTF,12,0,0
CASIELAGGPGYNEQFF,392,0,0
CAVSGSQGNLIF,0,1,0
CASSYGEGEQYF,4,0,0
CASILQGGDTQYF,5,0,0
CASSTMNNEQFF,1,0,0
CASSHLAASSYEQYF,3,0,0
CASSYSVGKNTEAFF,6,0,0
CAITLLGSSTDTQYF,11,0,0
CASSEYEQYF,1,0,0
CATSRRTLDSSYTF,845,0,0
CASSPGTDYEQYF,299,0,0
CASLGTSGSSPYNEQFF,2,0,0
CASSWTANYGYTF,4,0,0
CASSQDHNRGYNEQFF,3,0,0
CASSLIETSLEQYF,24,0,0
CSVEGLRDDYGYTF,445,0,0
CAISEPDLSSYNEQFF,1,0,0
CASTRALTGDEAFF,0,124,0
CASSPPLGLHYNEQFF,64,0,0
CASSESGQNYGYTF,92,0,0
CAVNTGGFKTIF,0,1522,0
CASSALNRDGYTF,416,0,0
CASSLLGGSSYNEQFF,60,0,0
CASSLMSYEQYF,468,0,0
CAMRENTQGGSEKLVF,10,0,0
CASSMWDSGANVLTF,1,0,0
CASSSTSGSIDEQYF,2,0,0
CASSSGSSSETQYF,1,0,0
CASSQDRGSSYEQYF,4,0,0
CASSFTSGTYEQYF,593,0,0
CSATDRLREQYF,0,55,0
CAGRRNQFYF,7,0,0
CSARAGNYNEQFF,244,0,0
CSARLDRGLYGYTF,3,0,0
CASSPITGAGQETQYF,2,0,0
CASSSPTDRYNNEQYF,22,0,0
CAMRANF,117,0,0
CAIRTGAENQPQHF,69,0,0
CAWERQGSSGSTIYF,1,0,0
CASSLAGGPTDTQYF,14,0,0
CASSYEESEQYF,1,0,0
CASSPRGRENNEQFF,9,0,0
CASSLWRSYNEQFF,42,0,0
CASSSGRENYGYTF,1132,0,0
CAGSLSPQGSYGYAF,0,1,0
CASSELFSEQFF,503,0,0
CSARIGQGFSNEQFF,495,0,0
CASSQDILAGRSEQFF,0,2384,0
CSAREGSYEQYF,3,0,0
CASSEGLAGDNEQFF,6,0,0
CAVQAHRGSQGNLIF,28,0,0
CAVCSSNTGKLIF,9,0,0
CTSSYGESEQYF,1,0,0
CASSLRADSYEQYF,9,0,0
CASSQLTGDDSPLHF,1474,0,0
CASSGDYAETQYF,1717,0,0
CASTQDGYEQYF,1,0,0
CAWSVQGIGYGYTF,0,79,0
CAVLDDKIIF,11,0,0
CASSGTSGISDTQYF,3,0,0
CASSFRTGLAYEQYF,10,0,0
CASSLGLAGANEQFF,0,0,461
CSASPGTTEAFF,0,1,0
CSARLGLAGPRLNEQYF,23,0,0
CASSWTGVPYEQYF,1,0,0
CASSLRPDTQYF,8,0,0
CASSARSGAQETQYF,621,0,0
CSVEESGSWGTEAFF,87,0,0
CASGRAATYEQYF,1,0,0
CASSLGGGTQPQHF,315,0,0
CASSLGFLAGGYEQYF,0,3207,0
CAGSLGLFNYGHTF,1,0,0
CATSDSFGYQSQETQYF,1509,0,0
CASSALSTDTQYF,0,0,1494
CASSQDPGFYEQYF,60,0,0
CSAFIPGLAGNEQFF,388,0,0
CALRSYNTDKLIF,1,0,0
CASSLSPSNEQYF,0,5,0
CASSVDGEPLIDEQFF,5,0,0
CASSLDPGIDTQYF,261,0,0
CASSGVGPQETQYF,1079,0,0
CASSSEGLTGYSYEQYF,3,0,0
CASSLLRDEQYF,1114,0,0
CASSRTGNYEQYF,5,0,0
CASSLGSPYEQYF,0,1,0
CASSQDETDLYNYGYTF,20,0,0
CASSGKGRTEAFF,165,0,0
CASSLANNEQFF,2,0,0
CSATTDSGSIDEQYF,47,0,0
CASSSTGSAYEQYF,128,0,0
CASSPGMLHHEQFF,0,2,0
CAATLRDDKIIF,3,0,0
CASSWGPSYEQYF,2,0,0
CAFSQAGTALIF,28,0,0
CASGQLTGDDPPLHF,1,0,0
CASSGLAGNDEQFF,1325,0,0
CASSFPRGPADTEAFF,65,0,0
CAEGTGLDTEAFF,1,0,0
CASSLVNSNQPQHF,11141,0,0
CASRLGGSSYNEQYF,1,0,0
CATRAEATNEQFF,106,0,0
CASSQAAGDEQFF,11,0,0
CASSPPGSTDTQYF,45,0,0
CASISSRDTEAFF,7,0,0
CASSVDGSNEQYF,1,0,0
CASSHLQETQYF,53,0,0
CASGVDVGQGNTTYF,1,0,0
CAGSVVLDWNEQFF,1,0,0
CAVVGGGFKAIF,1,0,0
CATSREKSGLNEQFF,178,0,0
CASSLKSERRTDTQYF,1,0,0
CASSLGTSSYEQYF,18,0,0
CSATDRTYEQYF,11,0,0
CASSEVDSSYTERFF,1,0,0
CASSLFGQSSYNEQFF,284,0,0
CASSQDPGYEQYF,364,0,0
CASSEVDSSCDEQFF,1,0,0
CASTPDVGSYNEQFF,25,0,0
CASSPIVDSYNEQFF,278,0,0
CASRGSYNSPLHF,3,0,0
CASSQAGQDEQFF,3,0,0
CASSLGLAGTSYEQYF,285,0,0
CALSENYGGSQGNLIF,113,0,0
CASSPGSEQYF,192,0,0
CASSQQGTSTDTQYF,2,0,0
CAVSGTDKLIF,0,7,0
CASTRALTGSEAFF,0,72,0
CASNTPLGAGRTEAFF,4,0,0
CASSLSAGSNYGYTF,1,0,0
CASSQDVDSYEQYF,10,0,0
CAVSIDF,0,12,0
CASSQGTSGNNEQFF,79,0,0
CASRVGQEASSDNEQFF,1,0,0
CASSLDYQETQYF,67,0,0
CASLGTSGSSSYNGQFF,2,0,0
CASSRLAGVNEQFF,304,0,0
CASSLEQETQYF,8,0,0
CAVRKAESYNTDKLIF,2,0,0
CASSLVSTYEQYF,9,0,0
CASSVQVNTEAFF,117,0,0
CASSQTVNTEAFF,7,0,0
CASSQENSDTQYF,5,0,0
CASSLGGDTQPQHF,228,0,0
CASSYVSEQYF,1423,0,0
CASSRFSNEQFF,40,0,0
CASSPSANYNEQFF,2,0,0
CASSWATTDTQYF,187,0,0
CAENYGGSQGNLIF,3,0,0
CASSLGQGDQPQHF,8,0,0
CASSYGNRGETQYF,17,0,0
CASSEIDGSYNEQFF,1,0,0
CSARDLGGAENIQYF,26,0,0
CASSYPPVPTGSYNEQFF,144,0,0
CASRGTDTQYF,6,0,0
CAMSAINQAGTALIF,0,2,0
CAISESFSLTTDTDTQYF,10,0,0
CASSLGLFNYGYTF,1808,0,0
CASRGRVQNTEAFF,818,0,0
CASSLLGQGYEQYF,9,0,0
CASSPLAGAYQETQYF,5,0,0
CASSLTRGSETQYF,962,0,0
CSAREGRDHNQPQHF,64,0,0
CASSQDLRLRRYEQYF,1,0,0
CASSYSISSESPLRAVF,2,0,0
CASSSRESEQHF,1,0,0
CANTPLQGQGYNEQFF,90,0,0
CASSPSGSEAFF,7,0,0
CASSFLNDRTGTDTQYF,21,0,0
CASSPSPQGSYGYTF,0,2,0
CSGRTASYNEQFF,4,0,0
CACSEADSSYNEQFF,1,0,0
CAFMKPYYGGSQGNLIF,48,0,0
CASGDYEQYF,0,0,1908
CASSRDHYEQYF,92,0,0
CASSEFASGSEQYF,63,0,0
CASSNPRAISNGYTF,761,0,0
CASGGVDSSYNEQFF,137,0,0
CATSGGSGDTQYF,0,0,2117
CASSYPTSGSSYEQYF,1,0,0
CAFVGGSQGNLIF,8,0,0
CALPMNRDDKIIF,6,0,0
CAVNFGNQFYF,0,100,0
CATSRDMGLQETQYF,365,0,0
CAVGTYGGSQGNLIF,0,57,0
CASSEVDSSYNEQLF,21,0,0
CASSVEEGSTDTQYF,537,0,0
CASSLGVTWLEGTEAFF,38,0,0
CAVNQGGKLIF,5,0,0
CAWNHGRQYEQYF,1,0,0
CAWTRTVSYNEQFF,75,0,0
CASTERYNEQFF,2,0,0
CASSYDHQGIGYGYTF,69,0,0
CAVRRDTGKLIF,33,0,0
CANSFTGTEAFF,1,0,0
CASSQPGRHTEAFF,4,0,0
CASSLGQSGNTIYF,222,0,0
CASSQDLRLQRYEQYF,3104,0,0
CASSQDAYGLYEQYF,90,0,0
CAVNMNYGGSQGNLIF,53,0,0
CASSGYSNQPQHF,3,0,0
CASSLRGATDTQYF,1,0,0
CASSLVVTYEQYF,104,0,0
CASTPGSDTQYF,4,0,0
CAEHGSQGNLIF,265,0,0
CASSYEKSTDTQYF,299,0,0
CASSLGTSGSTDTQYF,4,0,0
CSARSQGSTYEQYF,11,0,0
CAASLGSQGNLIF,20,0,0
CAVNTGDFKAIF,0,1,0
CASSQDQGLSTEAFF,129,0,0
CAVSPTPHSGNTPLVF,119,0,0
CAISESATDTQYF,1,0,0
CASSSNTRYGYTF,212,0,0
CASSYREGEQYF,1,0,0
CASKQSGSSYNEQFF,114,0,0
CASSQETSRGPDTQYF,112,0,0
CASSDTVSGANVLTF,8,0,0
CASSQVGAVAYEQYF,3,0,0
CASSYRDTYEQHF,1,0,0
CSARGLLESTDTQYF,355,0,0
CAGEGSTGKLIF,428,0,0
CTWERQGSSGNTIYF,1,0,0
CAVMNRDDKIIF,5,0,0
CASSLLGLTIQETQYF,0,160,0
CAASGRRDDKIIF,528,0,0
CASSLQGGYGYTF,4,0,0
CASSYGLEQHQHF,0,1,0
CASSFGTLSYEQYF,10,0,0
CASSGTSGSIGYNEQFF,3,0,0
CASSERTIGRAGETQYF,154,0,0
CAMREGGYGGSQGNLIF,171,0,0
CASSYPDEAFF,118,0,0
CASSQDARNYGYTF,4,0,0
CASSEIDSSYNEQFF,1,0,0
CASSNRDGSYNEQFF,118,0,0
CASSYVEAGGETQYF,356,0,0
CAVRVGGSQGNLIF,227,0,0
CASSLAREWFF,15,0,0
CASRPGTGVYNEQFF,359,0,0
CASKETSAHNEQFF,3,0,0
CASSVVGMEDTQYF,120,0,0
CSVGEEGDGDTQYF,1216,0,0
CASSLGEGTQPQHF,204,0,0
CACPSVTSYNEQFF,228,0,0
CASSSTRRAYEQYF,1,0,0
CAISGQAEAPQETQYF,1,0,0
CASSHTSTDTQYF,3,0,0
CAVNTGGFETIF,0,91,0
CASSYPTGEEETQYF,105,0,0
CSARGRTGYGEQYF,101,0,0
CASSEGAARISF,45,0,0
CASSPPSSPLHF,9,0,0
CASSLSDRAETQYF,24,0,0
CASSDQTGYEQYF,159,0,0
CASSRLAVTSTDTQYF,1,0,0
CASSVSPAELSYEQYF,1140,0,0
CASSQDLRDGYTF,5,0,0
CAVISNF,2,0,0
CASVGQGLYEQYF,0,139,0
CASSLPVNTDTQYF,339,0,0
CASSATPGTHLYEQFF,2,0,0
CASSLPSGNQETQYF,177,0,0
CAGSEVGSSYNEQFF,2,0,0
CASSLVGGWTEAFF,1,0,0
CASSQEIRLYEQYF,5,0,0
CASTSLINSYNSPLHF,5,0,0
CASSQDWQGDEQYF,1,0,0
CASTATWDITQYF,2,0,0
CASSLAGGDNEQFF,392,0,0
CASLGTSGSSSYNKQFF,2,0,0
CSVRTSGDIQYF,25,0,0
CASSYVGYHEQYF,5,0,0
CASSIVSWGAKNIQYF,57,0,0
CSARDRDQPQHF,4,0,0
CASSRTLETQYF,1,0,0
CASSQEAVPMNTEAFF,10,0,0
CASSMGQRDEQYF,273,0,0
CAVDSGDKNIF,1,0,0
CASSQEPGTSSPLHF,284,0,0
CASSLTVYQPQHF,596,0,0
CAFIRDDKIIF,10,0,0
CASSQRDSFGDEQFF,458,0,0
CAGSSINLSTEAFF,1,0,0
CASSLSDYEQYF,1,0,0
CALLQGGSEKLVF,5,0,0
CASSIRQRVSGEAFF,15,0,0
CASSLEKVARNEQFF,73,0,0
CSVGTDISYEQYF,11,0,0
CASSDGHSEQFF,2,0,0
CAARLNQAGTALIF,1,0,0
CSPRQTGNEQFF,3,0,0
CASNHRDDNEQFF,6,0,0
CASSRGSSGNTIYF,12,0,0
CASSAGTAENILYF,9,0,0
CAVNGNQFYF,0,22,0
CASSYPASNYGYTF,3,0,0
CASSLSQTVNTEAFF,3,0,0
CASTPGLAGHNEQFF,9,0,0
CASSLSTGATIYNEQFF,1,0,0
CAASSQGGSEKLVF,111,0,0
CSATTDISYNEQFF,7,0,0
CASSFSTGANIYNEQFF,1727,0,0
CASSLGRGTQPQHF,8647,0,0
CASSEGSSEPYF,182,0,0
CASSSWDTQETQYF,299,0,0
CASSPTASGNTIYF,3,0,0
CAGSYGEGEQYF,3,0,0
CASSFTNVGTEAFF,277,0,0
CAVKGDDKIIF,3,0,0
CASSLPYRVTYNEQFF,223,0,0
CASSSWDTQETRYF,1,0,0
CAASSPDKIIF,8,0,0
CASSGEDRGIYNEQFF,250,0,0
CASSPRGDSYEQYF,1,0,0
CASSLDGRTYTDTQYF,11,0,0
CASTFGQGNEQYF,0,0,5
CSARPAGVYEQYF,2,0,0
CAMREGLSNTGKLIF,48,0,0
CASSAGTGGNEQYF,4,0,0
CASRKEGEQYF,5,0,0
CASSQETYEQYF,3,0,0
CASTASAGETYEQYF,130,0,0
CASSRTATYEQYF,2,0,0
CASSFYNEQFF,165,0,0
CASSYPGPSSSNQPQHF,0,0,522
CASSTGSNQPQHF,372,0,0
CSATDRLGEQYF,0,2465,0
CASRLVRSKIAYEQYF,0,6,0
CALGNYGGSQGNLIF,20,0,0
CASDGGSQGNLIF,7,0,0
CANSEVDSSYNEQLF,1,0,0
CTSSQDLRLQRYEQYF,1,0,0
CASSLSILVADTQYF,0,8343,0
CALDTGKLIF,130,0,0
CASSVSGFNYGYAF,0,1,0
CASSPGTVAGYTF,141,0,0
CAISIGTAQGLGGYTF,450,0,0
CASSLLTNNEQFF,6,0,0
CASSLRAAWELRAFF,0,17,0
CASSATGPNTQYF,167,0,0
CASSLIETGTEQFF,11,0,0
CASSDGLAGDNEQFF,145,0,0
CAWSVQGSGYEQYF,0,2,0
CATSSTLAEQSVGDEQFF,44,0,0
CAWSVTPRETQYF,30,0,0
CASSPGFGQPQHF,0,1759,0
CASSSLDRSQETQYF,5,0,0
CASSARTSGSGNEQFF,163,0,0
CAASRDF,0,20,0
CASSFAALQETQYF,61,0,0
CASSSTGTDTPYF,26,0,0
CASSQDRGQEYEQYF,134,0,0
CAGSSISNF,61,0,0
CASREGTGKTEAFF,75,0,0
CAFISAGSYQLTF,2,0,0
CASSLANSNQSQHF,1,0,0
CASSLALDTQYF,14,0,0
CASSQEPGDEQYF,15,0,0
CASSLGLGEKYNEQFF,222,0,0
CAVRDDKIIF,10,0,0
CASSYSTSGGYEQYF,359,0,0
CASSPPETLNEQFF,57,0,0
CASSLSGGRGPNTEAFF,200,0,0
CASSLAGPYQETQYF,4,0,0
CSASQTLSGRAADTQYF,61,0,0
CASGRDIYNEQFF,1,0,0
CASSLTTYEQYF,0,2,0
CASSLAGLGQPQHF,0,1580,0
CSASLQGQETQYF,8,0,0
CAWSRQAGDIQYF,171,0,0
CASSLGTAGPQETQYF,2,0,0
CASSLGHYEQYF,114,0,0
CSVDHRGTDTQYF,23,0,0
CASSMSLGEQYF,3,0,0
CASSFLPSSYNEQFF,3,0,0
CASSLVQDTEAFF,3,0,0
CASSLKAAWELRAFF,0,8,0
CASSALSADAQYF,0,0,1
CASAVTGSYNEQFF,201,0,0
CASSWDSNYGYTF,4,0,0
CAWKYQEVGNEQFF,0,74,0
CASNDPGLAYEQYF,3,0,0
CASSDAGQPQHF,10,0,0
CASSPTSGRDEQYF,53,0,0
CASSLAASGNTIYF,204,0,0
CASSHDRSRFF,63,0,0
CATTIRSGSARQLTF,3,0,0
CAWSLQGLGYGYTF,0,1,0
CASSLARARETQYF,167,0,0
CAISAVDTQGADTQYF,22,0,0
CASSSLIQGAGANVLTF,556,0,0
CASRSGQGNYEQYF,3,0,0
CAGSEVDSSHNEQFF,2,0,0
CASSSGVGQETQYF,0,0,184
CASSSDRNTEAFF,190,0,0
CAVGNTGKLIF,0,46,0
CASSLFTEAFF,4,0,0
CASSFPEGLAGFYNEQYF,2,0,0
CASSYRDTQFF,2,0,0
CASSWDYGSYEQYF,50,0,0
CASSIGTSGYNEQFF,37,0,0
CASSSSGEQKTQYF,14,0,0
CASSVIRGSTYEQYF,3,0,0
CASSQDPTGGTEAFF,5,0,0
CAVIPGNTGKLIF,29,0,0
CATSDGDATSTDTQYF,187,0,0
CASRDGLNTEAFF,0,0,579
CASSIDLNTEAFF,9,0,0
CASSLAQRSYNSPLHF,1,0,0
CASSSDTDEQFF,4,0,0
CASTPGPMNTEAFF,2,0,0
CALRRNTLLVF,0,1,0
CASSPPPGQRTYEQYF,2,0,0
CSASLSGELFF,190,0,0
CASSLGNYEQYF,305,0,0
CASSTRQGLTGNTIYF,188,0,0
CASSYSTEYGYTF,12,0,0
CASSLMALGADTQYF,741,0,0
CASSLSVVLAVETQYF,0,100,0
CASSQEATGTGLPDTQYF,83,0,0
CSARPRTRHNEQFF,14,0,0
CASSIPGQIEAFF,5,0,0
CASSEVASGSTTQYF,10,0,0
CASSLVRGPYEQYF,1,0,0
CASSTLDRERYGYTF,13,0,0
CAAYTGGFKTIF,37,0,0
CASSSRGIFYEQYF,4,0,0
CASLAPGPHEQFF,11,0,0
CASMDPGGTDTQYF,140,0,0
CASSLVYRTGNYEQYF,65,0,0
CAESIASNTGKLIF,548,0,0
CASSSTGRSEAFF,0,0,23
CSADGQGMTDTQYF,83,0,0
CASSLGRVRGNEQFF,0,0,265
CASSSRQIQETQYF,2,0,0
CASSSLESGMAQETQYF,12,0,0
CASSQEWNTEAFF,1,0,0
CASSEGQGNNSPLHF,17,0,0
CASSLTGQLYNEQFF,284,0,0
CASSSPAYEQYF,1,0,0
CASSALDSYEQYF,2,0,0
CASSPEGRTEAFF,76,0,0
CAGLRGDDKIIF,6,0,0
CASSYSRGTDTQYF,117,0,0
CASSIDQQGNEQYF,0,21,0
CSARVAISYEQYF,3,0,0
CASSSGTDTQYF,65,0,0
CASSQDRGQEADTQYF,28,0,0
CASSFARSSYEQYF,1,0,0
CASSLPSLQETQYF,404,0,0
CASSLVPTSTDTQYF,7,0,0
CASSQEAPNPFYEQYF,38,0,0
CASTVLAGGQETQYF,1,0,0
CSVPGTGRSSENIQYF,103,0,0
CAGSQDDAGPYNEQYF,1,0,0
CASSWINTEAFF,2,0,0
CASSLDRVESYEQYF,349,0,0
CASSFSMTEQFF,902,0,0
CASSPWAKGGDEQFF,7,0,0
CASSELAGGPVYNEQFF,5,0,0
CASGPGYQPQHF,50,0,0
CASSEADGSYNEQFF,1,0,0
CASSPGQSTEAFF,3,0,0
CASRGRDADTQYF,5,0,0
CASSFTGGEQFF,63,0,0
CASNSGLGQPQHF,0,483,0
CASSQGKGDNEQFF,1,0,0
CASSGRDGGESPLHF,58,0,0
CASSLVSYEQYF,7,0,0
CASSQPHETGDYYNEQFF,189,0,0
CASSVGPSYEQYF,0,0,42
CASSFQRDNEQFF,43,0,0
CATAYHSEQYF,14,0,0
CASSREGWTEAFF,3,0,0
CASSVLRGEQFF,2,0,0
CASSLSRYSNQPQHF,0,0,150
CASSEMNEQFF,215,0,0
CSALPQGTMIYNEQFF,6,0,0
CASSRQGHQETQYF,2,0,0
CASSGDIYNEQFF,53,0,0
CASSSAGPGETRYF,1,0,0
CASSEYSGAYNEQFF,4,0,0
CASSYESAGGYTF,90,0,0
CASSEVDSPYNEQFF,1,0,0
CASSQEGNEQFF,8,0,0
CASSLVEGRGNQPQHF,657,0,0
CASSSRTSGEQETQYF,193,0,0
CASSVSTGQETQYF,132,0,0
CASSPGTGSYEQYF,55,0,0
CASREVDSSYNEQFF,1,0,0
CACSGVDSSYNEQFF,7,0,0
CASSYGESEQFF,4,0,0
CAAFSGNTGKLIF,3,0,0
CASSSTGLAGGETQYF,6,0,0
CASWERSTDTQYF,1,0,0
CASSYSSSGGYEQYF,27,0,0
CASSPSGSEQYF,248,0,0
CTTHGLAGAADTQYF,168,0,0
CASSHGTSEQFF,1,0,0
CASSSSLAYEQYF,6,0,0
CAISTGTSFETQYF,5,0,0
CASSLEMGTGDYEQYF,3,0,0
CAISEDRETYEQYF,24,0,0
CASSLLDMNTEAFF,756,0,0
CASSQVGANEQYF,106,0,0
CASSQVPDREQYF,132,0,0
CASSEVDGSYSEQFF,2,0,0
CASRLNSEQHF,1,0,0
CASSVTGVGQPQHF,0,229,0
CSATTGNSYEQYF,4,0,0
CASSLDYQEAQYF,1,0,0
CASGRDSYSEQFF,1,0,0
CASSVRQGSSEQYF,12,0,0
CASSYRFTADTQYF,3,0,0
CASSFGLAGNQQFF,94,0,0
CASSLQEEYEQYF,24,0,0
CASSSDNLAEQFF,259,0,0
CAYRTGKLIF,5,0,0
CASSSTGPEQYF,2,0,0
CASSPTSGGHSYNEQFF,11,0,0
CASSLYGVGTEAFF,2,0,0
CACSLSQVTYEQYF,0,8,0
CASSLEQDATDTQYF,2,0,0
CATSKDNIVNTGAFF,1,0,0
CASSLWEANEAFF,227,0,0
CASSSSLAGVTYEQYF,1,0,0
CASSPTSGQETQYF,151,0,0
CASIKGHEQFF,1,0,0
CASSHRPSGANVLTF,56,0,0
CASSRLDRAYEQYF,17,0,0
CAISEYGYRSYEQYF,0,0,10
CSDREGFNEQFF,335,0,0
CASSDSGATGNEQFF,82,0,0
CASRSYRATSGSRSDNEQFF,1,0,0
CAVSQDF,0,17,0
CSANRGLEQYF,22,0,0
CASSPYQGLDTEAFF,1,0,0
CASSFDQETQYF,4,0,0
CASSRTAEGETQYF,152,0,0
CASSFQGDEQFF,38,0,0
CANSQDRSFSPLHF,3,0,0
CASSYPTSYALEQYF,1,0,0
CASSLTSGQDEQYF,25,0,0
CSVTLADSYEQYF,1,0,0
CASSQDILAGGSEQFF,0,518,0
CASSYGDGDTEAFF,12,0,0
CASSSGNTEAFF,305,0,0
CASSFGGYEQYF,0,0,128
CASRIGDRASGNTIYF,489,0,0
CASSSPTGWDTEAFF,1,0,0
CASSLGGSTQPQHF,154,0,0
CASSQESLTDTQYF,47,0,0
CASNYRESEQYF,1,0,0
CASSLDFGDTQYF,1,0,0
CAIKRQNNSPLHF,6,0,0
CASSAVADSYNEQFF,72,0,0
CAGSLGSSYEQYF,0,2,0
CSANRDSEETQYF,4,0,0
CASSRGQQETQYF,103,0,0
CASSYSIGTANEQFF,347,0,0
CASSFSTGANYGYTF,905,0,0
CASSLGGSTEAFF,2,0,0
CASSAGTAIQETQYF,2,0,0
CAYSRNTIYF,1,0,0
CASSRQGTVYEQYF,0,1497,0
CATSKDNMVNTEAFF,317,0,0
CANNLVVTYEQYF,1,0,0
CASRSLGLYEQYF,298,0,0
CASSPQGMNTEAFF,97,0,0
CASSLSRLDEQYF,1,0,0
CASSYRDTYEQYF,726,0,0
CASSIRQGVSGEAFF,17,0,0
CASSFEGGSTDTQYF,3,0,0
CASSFWDSSETQYF,2,0,0
CATSDPSSYEQYF,317,0,0
CASSHPGLAYNEQFF,15,0,0
CASSLSQVAYEQYF,0,313,0
CASSLIQGPYEQYF,3,0,0
CATQLSPYEQYF,6,0,0
CASSLVYETQYF,2,0,0
CASSAPGEQYF,3,0,0
CASSVSGFNYGYTF,0,552,0
CASGNYEQYF,540,0,0
CASSTAGGAETQYF,1,0,0
CAMAPYNTDKLNF,1,0,0
CASSLGSQPQHF,17,0,0
CASSPPAGYEQYF,2,0,0
CASSLPNTEAFF,34,0,0
CAWKYQGIGNEQFF,0,99,0
CSAPQTGVGQPQHF,0,1009,0
CASSHLLAGAEQFF,0,0,91
CAMRPMNYGGSQGNLIF,152,0,0
CAASRARDDKIIF,396,0,0
CASSQGSAYEQYF,4,0,0
CAGSLPSSVDNEQFF,1,0,0
CASSDSHTANYGYTF,3,0,0
CASSYSIGTANEQYF,1,0,0
CASSYPNSGRSYNEQFF,0,2,0
CASSSGFEQYF,60,0,0
CAVTIDF,0,52,0
CARSFSTGANYGYPF,1,0,0
CAVKDDKIIF,9,0,0
CASGRDTYNEQFF,1172,0,0
CASSLGLGFYEQYF,262,0,0
CAGFSGNTPLVF,8,0,0
CALSDQAGTALIF,1,0,0
CASSYGGSNQPQHF,0,186,0
CASSRGDRNTEAFF,55,0,0
CARNYGGSQGNLIF,0,0,855
CASSLSAVAAGNQPQHF,0,1,0
CASSGKHQETQYF,28,0,0
CASSGQVNEQFF,1,0,0
CASSTPNTDTQYF,38,0,0
CASSYSGNQETQYF,190,0,0
CASSLAVARPREDTQYF,114,0,0
CASSYGRSEQYF,53,0,0
CASSPGLESGELFF,331,0,0
CASSSTGVNEQFF,5,0,0
CASSLSSLSGNTIYF,0,478,0
CASSPLADVETQYF,7,0,0
CASSSRESYEQYF,76,0,0
CAISSATGEGYNEQFF,392,0,0
CAGQMGYGGSQGNLIF,3,0,0
CASSIPKTSGRISGTDTQYF,331,0,0
CASSLGASQETQYF,5,0,0
CASSTRSDNEQFF,179,0,0
CASSFGNKQFF,2,0,0
CALSEARGNTPLVF,112,0,0
CASSYSGGGETQYF,0,55,0
CASSLSGANVLTF,54,0,0
CASSGQRGYEQYF,117,0,0
CASSSGQTYEQYF,7,0,0
CASSVDGNYGYTF,1,0,0
CAWSVTGTEAFF,419,0,0
CATTPSGSTYEQYF,1,0,0
CASSMPPDRDEQFF,263,0,0
CSARGTESYEQYF,6,0,0
CASSFGQSSYNEQFF,148,0,0
CASSQDKMNTEAFF,70,0,0
CASSLRGLGAYNEQFF,13,0,0
CASSEVDGSYNEQLF,1,0,0
CALSAVNRDDKIIF,142,0,0
CASSVGTGAYEQYF,1,0,0
CASSRGGAEAFF,17,0,0
CAALGDKIIF,1,0,0
CASSEESYEQYF,229,0,0
CSVNGASTDTQYF,21,0,0
CASSPSSEAFF,4,0,0
CAGARRNRDDKIIF,3,0,0
CASSSGQEQYF,517,0,0
CASSQDDSFSYEQYF,2,0,0
CASSASGSLEQYF,1,0,0
CAGSLAGLGQPQYF,0,1,0
CASSAGTAKDIQYF,15,0,0
CASSDDYTDTQYF,1,0,0
CASRQWGQGSYEQYF,35,0,0
CSATDRLGKQYF,0,46,0
CASSETGLDTEAFF,15,0,0
CAISESGQPQHF,2,0,0
CAGSEVDSSYNEQFF,5,0,0
CASSYSSGYEQYF,1,0,0
CAESTGRDDKIIF,153,0,0
CASSPTGVGTEAFF,0,1,0
CAGGSISNF,5,0,0
CAWERRGSSGNTIYF,1,0,0
CASTRALTGGEAFF,0,14,0
CASEGQLYNEQFF,12,0,0
CASSPVGRSSYNEQFF,7,0,0
CASSQGLAENYEQYF,8,0,0
CASSTGQSSYNEQFF,36,0,0
CTTTPSGSIHEQYF,1,0,0
CASSRLATDTQYF,1,0,0
CALYEGYSSASKIIF,2,0,0
CAGSEVDNSYNEQFF,1,0,0
CAGGDDKIIF,2,0,0
CASSLEGNPIGQYF,314,0,0
CASSSDRGSTEAFF,294,0,0
CASSQGTLEPAQNEQFF,0,1,0
CASSEVDSSYSEQFF,1,0,0
CAVISVWSSNTGKLIF,15,0,0
CASSPTEAFF,1,0,0
CAVDRYSSASKIIF,30,0,0
CATDAANEAFF,20,0,0
CASSFAGPGATQYF,1,0,0
CASSLSSTGELFF,0,918,0
CASGEADSSYNEQFF,1,0,0
CAWERQGNSGNTIYF,20308,0,0
CASGLDTQYF,12,0,0
CASGSGGTEAFF,284,0,0
CASSLEEGLFYEQYF,3,0,0
CASQTANQPQHF,6,0,0
CASSYSPSSYNEQFF,317,0,0
CASSQDSGSPEEFF,5,0,0
CASSRYRGDTEAFF,17,0,0
CASRDNPGQGRINYGYTF,24,0,0
CAVNTPLVF,0,3504,0
CASSFLTDTQYF,257,0,0
CASRDRQGKGYTF,3590,0,0
CASSPSKSYTEAFF,3,0,0
CAVKGNTGKLIF,3,0,0
CASETEGTDTQYF,80,0,0
CASSQDLGQGYEQYF,141,0,0
CASSLGSSYEQYF,0,6904,0
CASSLEVGVGEQYF,4,0,0
CASSLHQGASEQYF,3798,0,0
CAARSNF,92,0,0
CAVGVSGGSQGNLIF,221,0,0
CASSYTGTGDYGYTF,6,0,0
CASSYSTGRNYEQYF,2,0,0
CASRRDTQYF,0,0,3093
CASSLAGTDYGYTF,393,0,0
CAVGHQNTDTQYF,17,0,0
CASSSDAYEQYF,192,0,0
CAWSGGDRPINYGYTF,42,0,0
CASSLAGVGEQYF,4,0,0
CASSLSQEARGYTF,0,209,0
CASSLHQEASEQYF,161,0,0
CASSMGYNEQFF,128,0,0
CSAGTSPLTDTQYF,379,0,0
CASSQESGGITEAFF,20,0,0
CASSGPPTGNYEQYF,1,0,0
CSARTGDSYEQYF,271,0,0
CASSIGQAGYTF,20,0,0
CASSPRTGDSPLHF,22,0,0
CASSYGGWNTEAFF,167,0,0
CASSFPGQAYEQYF,1,0,0
CASSETEGASYEQYF,60,0,0
CALGNRDDKIIF,4,0,0
CASSLVSGSYEQYF,11,0,0
CASSDDSYGYTF,4,0,0
CASSPSDIHRDGYTF,24,0,0
CASTQTQEQETQYF,1,0,0
CASSKRHWTSGRYEQYF,10,0,0
CATSRGTSEAFF,2,0,0
CASSEALRAGGDEQFF,173,0,0
CASSYTAEAFF,2,0,0
CASSYERSTDTLYF,1,0,0
CASSPTSGDHSYNEQFF,1,0,0
CALSVYGGSQGNLIF,513,0,0
CASRSYRVTSRRRSYNEQFF,2,0,0
CASSVDISSYNEQFF,4,0,0
CASSIAVYNEQFF,292,0,0
CSAEGDSSYEQYF,574,0,0
CATRKLGGTEAFF,3,0,0
CASSPLGGPSYEQYF,274,0,0
CAVNGYDKIIF,2,0,0
CATSPGLADTQYF,0,1,0
CASSSKGQFYEQYF,1,0,0
CAVGGQGGKLIF,0,29,0
CASSLGLVPKQFF,1,0,0
CASSYTGLNTEAFF,5,0,0
CASSFGALNTEAFF,166,0,0
CASSGSTDTQYF,1,0,0
CASSLSTTDTQYF,78,0,0
CASSEVDSSCNEHFF,1,0,0
CASSPEDTEAFF,52,0,0
CATSDLGSYNEQFF,233,0,0
CASSESLAESSYNEQFF,267,0,0
CASSRDLRLRRYEQYF,1,0,0
CATSDFGLAGVTQYF,65,0,0
CAASRDDKIIF,3,0,0
CASSLSPQGSYGYTF,0,3026,0
CASSFSGSSSYEQYF,45,0,0
CASSRQGTVYEQHF,0,2,0
CSVPTSGDEQYF,10,0,0
CASSPGQGKGDTQYF,5,0,0
CASSLASNYGYTF,18,0,0
CAVSDYGGSQGNLIF,259,0,0
CASNTGTTEAFF,222,0,0
CASSSDRGDEQFF,7,0,0
CASSQGETQYF,16,0,0
CASSQVVGNNEQFF,395,0,0
CASSPGMLHNEQFF,0,241,0
CASLGTSGSSSYNEQFF,1529,0,0
CAVPYGGSQGNLIF,4,0,0
CASRQNQETQYF,74,0,0
CASSLQNYEQNF,1,0,0
CAGSEVDSSNNEQFF,2,0,0
CALSEMGENRDDKIIF,91,0,0
CASSSGSSYNEQFF,76,0,0
CASSYSIGDYDSPDTQYF,8,0,0
CAVNNGNTGKLIF,25,0,0
CANSLMALGADTQYF,1,0,0
CASSQGTNQPQHF,62,0,0
CASSISGFNYGYTF,0,1156,0
CASSLGAGLVQETQYF,1,0,0
CASSQVRYTDTQYF,203,0,0
CASSYGESEQYF,63328,0,0
CASSQDLSDLYNEQFF,31,0,0
CASSEIVVDEQFF,54,0,0
CASSMGGENEQFF,64,0,0
CASSVANEQFF,4,0,0
CASSPGLAGGRDEQFF,39,0,0
CASSLGTGRTDTQYF,112,0,0
CASSPITGAGNTEAFF,1,0,0
CASSTYSNQPQHF,334,0,0
CASSLAYGYTF,5,0,0
CASSVVDSFYNEQFF,1,0,0
CASSSDGYNEQFF,6,0,0
CASEMTSYEQYF,0,0,719
CASSQDGDTEAFF,29,0,0
CASSSRVGQETQYF,3450,0,0
CASSFGSSYEQYF,262,0,0
CASSRPGTYEQHF,0,0,2
CASSSWYPGLAGVLSYNEQFF,460,0,0
CAMSAFGKLVF,471,0,0
CASSFTGTEAFF,1364,0,0
CASSHYRGYNEQFF,19,0,0
CASSLAAGSGRVAYEQYF,514,0,0
CASSMVSRVGNIQYF,962,0,0
CSAEGGSSYEQYF,1,0,0
CASSQDSSGTYEQYF,6,0,0
CASSLVPDVGNTIYF,2,0,0
CASSEVDSSHNEQLF,7,0,0
CASSVVGQSHEQYF,2,0,0
CASSPDSREIYGYTF,4,0,0
CAYRSAYRDDKIIF,363,0,0
CASRQLEQETQYF,16,0,0
CASSFNSGSEQFF,1,0,0
CASRTTSGTYEQYF,1,0,0
CASSNPLGSGSYEQYF,58,0,0
CASSLYNEQFF,3,0,0
CAASYF,2,0,0
CASSGVDSSYSEQFF,2,0,0
CAASKWNRDDKIIF,2,0,0
CASSLRGRGWNEQFF,0,0,2
CASGYGEGEQYF,2,0,0
CASSLIDLNTEAFF,5,0,0
CAVSRDF,0,11,0
CASSLRVGRLNTEAFF,87,0,0
CAGSRALANNEQFF,1,0,0
CASSLELLTSGDYEQYF,11,0,0
CASSQDRSFSPLHF,1012,0,0
CAIDSGGTSGSTDTQYF,38,0,0
CASSFTGAEAFF,5,0,0
CSASDEIENIQYF,9,0,0
CASSLSSATYEQYF,219,0,0
CASSPIGAGASEQYF,4,0,0
CASSSPSGRAPGSYNEQFF,103,0,0
CASSTPWGATHEQYF,2,0,0
CASSLQLAGCNEQFF,1,0,0
CAGSHQGTVYEQYF,0,1,0
CASSYGGRETQYF,70,0,0
CASSQESSGTYEQYF,8,0,0
CASSPTGLGQPQHF,0,993,0
CASSSSEGPNEQFF,99,0,0
CASSLGGMASTDTQYF,3,0,0
CASSLDDSYEQYF,3,0,0
CASSLWAGSTQETQYF,188,0,0
CASSPSGASYNEQFF,39,0,0
CASSPGLGLWNTEAFF,163,0,0
CASNYGESEQFF,1,0,0
CASSYGTGAGEQYF,0,0,11
CSVEDYGDGGNTIYF,50,0,0
CAWSEGGWNTEAFF,2,0,0
CAATLRDDEIIF,2,0,0
CASSPINSPLHF,1027,0,0
CASRDRAIDGQNF,0,0,1
CASSELTSGSYEQYF,1,0,0
CAATRDDKIIF,8,0,0
CASSYSEPADEQFF,7,0,0
CASSSSTGYTQYF,17,0,0
CASSLGGTLYEQYF,1,0,0
CATKWSSGEDSNEQFF,11,0,0
CASSLDSFTDTQYF,1,0,0
CASSPTSGEDEQYF,53,0,0
CASSFGQGTGQPQHF,9,0,0
CASSLGRGSEQFF,1,0,0
CASSLTGFGYTF,26,0,0
CAGTFQGGSEKLVF,4,0,0
CAVYSSASKIIF,6,0,0
CASTGLAVTSSYEQYF,2,0,0
CASSSRGGVEQFF,0,0,691
CALSERNYGQNFVF,42,0,0
CAVAGNTGKLIF,69,0,0
CASSPLKDEQYF,1,0,0
CASSEEVTQYF,1,0,0
CASSFSTGASTYNEQFF,1,0,0
CASSLQDYGQYF,1,0,0
CASSYSLDSSYEQYF,5,0,0
CASSPPGTGDGYTF,121,0,0
CSATLTGVGQPQHF,0,124,0
CAGDSISNF,7,0,0
CASSPSGDEQFF,0,0,5618
CASSLVIWDEAFF,0,0,548
CASSFGWGTYEQYF,2,0,0
CASSQLANEQFF,25,0,0
CASSHSGTYEQYF,0,0,5306
CSATPSVEQYF,1,0,0
CADYYGGSQGNLIF,6,0,0
CASSLTVTYEQYF,118,0,0
CSVGLGGNYEQYF,15,0,0
CASSPTGSTEAFF,4,0,0
CAYRSAYRDDKVVF,1,0,0
CASSVSGILFF,234,0,0
CAVGSGGLKAIF,0,2,0
CASNYGESEQYF,3,0,0
CATGRGAGPQETQYF,1,0,0
CASSPRDGYEQYF,766,0,0
CASSGQGYTQYF,8,0,0
CASSLTSEYLNEQFF,2,0,0
CASSLADGPYEQYF,1,0,0
CASSSLNTEAFF,327,0,0
CASSSGVSLYNSPLHF,2,0,0
CASSSTLAYEQYF,9,0,0
CALLDYGGSQGNLIF,3,0,0
CAPKEGSQGNLIF,0,0,922
CASSYSYEQYF,1,0,0
CASSPDGSAEAFF,5,0,0
CASTGGNSNQPQHF,155,0,0
CASSQGTLALAQNEQFF,0,9676,0
CAWNTGLNTEAFF,29,0,0
CASRLNSEQYF,1592,0,0
CASGPSRSYTEAFF,2,0,0
CASSLRQGEGNEQYF,1,0,0
CASSLVTDSNQPQHF,233,0,0
CASSPPGTGSYEQYF,74,0,0
CASSANNEQFF,21,0,0
CAVIGGSQGNLIF,125,0,0
CASSQEGSYYGYTF,3,0,0
CASSSTGIGTEAFF,0,2,0
CASSYSTGLATGELFF,68,0,0
CASSLGDTQYF,3,0,0
CASSLALYEQYF,7,0,0
CASSGGRDSSSYEQYF,173,0,0
CSVESGREDEQFF,11,0,0
CASSSGTGLYVGYTF,35,0,0
CASRLSGSESYNEQFF,372,0,0
CASSVEDRGYGYTF,2,0,0
CASSLANSNQPQHF,1,0,0
CAISDGSGIMRETQYF,80,0,0
CASRDRISTDTQYF,26,0,0
CASSPGPYEQYF,770,0,0
CASSFLAGGTDTQYF,6,0,0
CASSLLRDRNEQFF,16,0,0
CASTGQGYGYTF,24,0,0
CAVGTGLDTEAFF,2,0,0
CASSLAEDRRWSNQPQHF,48,0,0
CSARSRTEGSHGYTF,82,0,0
CAAKYRDDKIIF,3,0,0
CASSLAAYEQYF,0,2633,0
CAFIYGGSQGNLIF,17,0,0
CASSTRGPTEAFF,48,0,0
CASLPGQYSYEQYF,6,0,0
CASSLALAEEQFF,440,0,0
CASSPGLGGRTYTDTQYF,244,0,0
CASSFPWNTEAFF,1,0,0
CSVEAGNTDTQYF,333,0,0
CACEGVTYNEQFF,14,0,0
CASSQDGLAAHNEQFF,70,0,0
CATSRQDGPYEQYF,732,0,0
CAISPSYEQYF,130,0,0
CASGEVDSSYNEQLF,5,0,0
CASSYRESEQYF,1,0,0
CASSQGSGNQPQHF,2,0,0
CASSVGPGEQYF,25,0,0
CASSDDFMGLRAQYF,3,0,0
CASSLIRTQETQYF,2,0,0
CASSFGPSGTEAFF,2,0,0
CASTRALTRGEAFF,0,3893,0
CASSQETGSSYGYTF,1,0,0
CASSTLDGERYGYTF,6,0,0
CASTHDGDTQYF,248,0,0
CASSYSRGNEQYF,66,0,0
CASSQDEAEQFF,15,0,0
CASSLWTSSKAFF,1,0,0
CASSFQTAYEQYF,11,0,0
CASSFGQGDEQYF,4,0,0
CASSERSGRYGETQYF,9,0,0
CASSLLGDSYEQYF,276,0,0
CASSQDNLDSRRQFF,200,0,0
CASSEVDSSYSEQLF,10,0,0
CAYSTGDNQPQHF,1,0,0
CASSQGTSGQETQYF,17,0,0
CASSYLMVWGTDTQYF,20,0,0
CASSFGLGSGETQYF,171,0,0
CASSRDGINQPQHF,162,0,0
CSARLTGGTYGYTF,44,0,0
CASSPGSGGTIYF,0,2,0
CASSKHRGTYEQYF,63,0,0
CASSLTSLNYEQYF,62,0,0
CASSHLLGTDYNSPLHF,2,0,0
CALSPDSGNTPLVF,33,0,0
CASSRLPLTSGRDNEQFF,399,0,0
CASRPTSGSNEQFF,4,0,0
CASSFGTDDNEQFF,275,0,0
CASSLSQVTYEQYF,0,144,0
CASSEGTGDNEQFF,166,0,0
CAMSYSGNTPLVF,0,0,136
CASGFGAQTGEQYF,1,0,0
CASSPKEGYEQYF,9,0,0
CAMVPYNTDKLIF,3,0,0
CASSEVDSSHNEQFF,1,0,0
CASSSAGPGETQYF,11806,0,0
CASSLVLGNTEAFF,143,0,0
CAVEHRNRDDKIIF,1,0,0
CASSLGPGAFF,0,1,0
CASSCGESERYF,3,0,0
CAGAAYGQNFVF,3,0,0
CAWSVQGLGYEQYF,0,372,0
CASSSPAYDTEAFF,21,0,0
CASSFRTENTEAFF,7,0,0
CASSVGLKAGDGDEQFF,330,0,0
CASTHEWDTQYF,1,0,0
CASSLGAGSISYGHTF,1,0,0
CAGQLMNRDDKIIF,44,0,0
CASSLHQGTSEQYF,12,0,0
CASSLTEGSETQYF,53,0,0
CASSPTGDPSYEQYF,115,0,0
CASSPKLAEFYNEQFF,10,0,0
CASSYSAEQFF,28,0,0
CASSERDIAYEQYF,54,0,0
CAWTYLGLAGNEQFF,0,27,0
CASSSLNAEAFF,1,0,0
CASSSINLSTEAFF,1930,0,0
CASSPQGTSTDTQYF,175,0,0
CASSPGTNYNEQFF,14,0,0
CASSLILGSPLHF,4,0,0
CASSLDTIGNTIYF,93,0,0
CASSPQDSFEAFF,0,0,138
CASSLYPNLNEQYF,52,0,0
CASSRREYTDTQYF,4,0,0
CASSALADSQYF,1,0,0
CASSQEWSQMATYEQYF,1,0,0
CASSLLQVTYEQYF,0,4,0
CASSLHDYEQYF,5,0,0
CASSFRQGDEQYF,3,0,0
CTSSGDYAETQYF,1,0,0
CASNPGQGQPQHF,0,0,38
CATSRGQGIAYEQYF,660,0,0
CASSPGTGLDGYTF,386,0,0
CATSGTDTQYF,1,0,0
CSARDKREWNEQFF,9,0,0
CSAADAGATYEQYF,37,0,0
CASSCRESEQYF,1,0,0
CASSQDVALNEQFF,871,0,0
CASSTGQEDQPQHF,4,0,0
CAVGVNGNYGGSQGNLIF,64,0,0
CASSGRAGYEQYF,5,0,0
CASSQGTSGRDEQFF,34,0,0
CAAITNRDDKIIF,1450,0,0
CAFMNLQGGSEKLVF,284,0,0
CASSLGLAGGEQYF,0,1471,0
CASSVDVGQGNTIYF,665,0,0
CASSMSSGSEEQFF,1,0,0
CASSLGGIYEQYF,34,0,0
CAYRSARGGSQGNLIF,36,0,0
CSVAQGSNQPQHF,628,0,0
CASFSTGADTQYF,1,0,0
CASSLGYNEQFF,16,0,0
CASSVSGTGTGSPLHF,1,0,0
CASSPGLSYEQYF,5,0,0
CAVGEAEAFF,2,0,0
CAYVNMNRDDKIIF,2,0,0
CASSPTSRGHSYNEQFF,95,0,0
CAWSETGEAFF,561,0,0
CSASPSPLHF,1961,0,0
CASRLVFHTRGMQAYQPQHF,211,0,0
CASSSYGEENIQYF,12,0,0
CSARFPVTDTQYF,1,0,0
CAWKTGLGAFF,86,0,0
CASSLSGSEQYF,5,0,0
CASTFGDLSYEQYF,7,0,0
CASSPMGLAGPTDTQYF,56,0,0
CASSSVSSPLHF,3,0,0
CTSSYGESGQYF,2,0,0
CAYRSEQGGSEKLVF,1,0,0
CAYRSERDDKIIF,78,0,0
CAVTADNYGQNFVF,39,0,0
CASSEDTGFDEQYF,238,0,0
CASRPGQLETQYF,98,0,0
CATSDRSSSYNEQFF,4,0,0
CASTPGQGYGYTF,6,0,0
CAWRYTGLGTEAFF,0,2175,0
CAGPSGNTPLVF,0,2,0
CASSSDRSSYEQYF,2,0,0
CASSYPSEIYGYTF,400,0,0
CASSETGYNEQFF,1,0,0
CASSIVSWGAENIQYF,3220,0,0
CASSSAGTYNEQFF,1,0,0
CASSFNTGASIYNEQFF,1,0,0
CASSQTSSSYNEQFF,80,0,0
CASSFMSNEQFF,2,0,0
CAVGSGANNLFF,0,71,0
CASSQTGTGYEQYF,3,0,0
CASSPYQGLGTEAFF,171,0,0
CASSRVGTYNEQFF,4,0,0
CAVRLPYGGSQGNLIF,20,0,0
CASSYSGAEAFF,0,0,40
CAWSVTKGSEAFF,52,0,0
CASSAGLAGAEQYF,25,0,0
CSARVDRWYYGYTF,23,0,0
CAWSEGQGRETQYF,132,0,0
CASSLVAGAHNEQFF,1,0,0
CASSQDGVTNNEQFF,5,0,0
CATSREGLVNYEQYF,3,0,0
CAAPSGNTPLVF,6,0,0
CASSQGTLDTGELFF,0,725,0
CAVDDF,13,0,0
CASSPYKGMETQYF,226,0,0
CASSLLDTNTEAFF,1,0,0
CASSLGLVSEQFF,431,0,0
CASSSDREGADTQYF,36,0,0
CSARDSGRSADTQYF,15,0,0
CANSEVASSYNEQFF,1,0,0
CASSQGTGDNEQFF,432,0,0
CASSKLGNTEAFF,1,0,0
CAIWRGQNFVF,1,0,0
CAWSVPRFSYEQYF,1,0,0
CAEPHGSSNTGKLIF,279,0,0
CASSISSGNTIYF,23,0,0
CASSLGGANEQFF,8,0,0
CASSDWTQYF,168,0,0
CASSSGTGDADTQYF,5,0,0
CSARVSNEQFF,9,0,0
CASSLAPSNEQFF,78,0,0
CASSWGRVYNEQFF,1098,0,0
CASSKNGPSSSYEQYF,4,0,0
CAVGSGVSNLFF,0,1,0
CASSQVLSGNQPQHF,2,0,0
CASSSEGWTEAFF,2,0,0
CAGRDDKIIF,7,0,0
CASRPRDRALNSPLHF,103,0,0
CASSVDGVEQFF,12,0,0
CAGSLVPSGNEQLF,1,0,0
CASSGQGTEEQYF,4,0,0
CASNARPQFF,35,0,0
CASTPVSSNQPQHF,0,0,4
CASHGTGWSNTEAFF,263,0,0
CASSLEAQGRETQYF,1,0,0
CASRRTVNQPQHF,1,0,0
CASSLAGVTGNEQFF,0,0,391
CASSPLWEKPYEQYF,0,0,554
CAAHGGSQGNLIF,435,0,0
CASSPGQGPVSEFF,11,0,0
CASRGGTVTDTQYF,84,0,0
CAILAEGNNEQFF,213,0,0
CAMRPMNYGGSRGNLIF,3,0,0
CASSSTAYEQYF,0,3,0
CASSPSSGTHGNEQFF,0,13,0
CASSVVDRADEQYF,41,0,0
CATSDPFGYQSQEAQYF,1,0,0
CASSPEGAGEQFF,197,0,0
CAYRSLGNTPLVF,2,0,0
CATRRPTEAFF,351,0,0
CASRLGGSSYNEQFF,1191,0,0
CSVGGQANTEAFF,371,0,0
CASSYGTGRSGANVLTF,301,0,0
CASSVRSSTDTQYF,102,0,0
CASSPTGSSYEQYF,2,0,0
CASSLVNTEAFF,2,0,0
CASSVLGTGNTIYF,48,0,0
CAGVERDDKIIF,97,0,0
CASSFRLADYEQYF,26,0,0
CSAQEGEQFF,9,0,0
CASSPGSSRTQYF,318,0,0
CASSKEVTQYF,576,0,0
CASSLANTGSYEQYF,27,0,0
CASSQEPSGSSEQYF,34,0,0
CSVEKNDYEQYF,297,0,0
CASSIVSWGAKSIQYF,41,0,0
CAVKEDDKIIF,10,0,0
CAVRGEYNTDKLIF,1,0,0
CASSPGANEQFF,152,0,0
CASSQVQGPGAFF,431,0,0
CASSKVDSSYNEQFF,1,0,0
CASSQDGSTEAFF,6,0,0
CASSDPPTGNYEQYF,230,0,0
CASSMGQEDEQYF,217,0,0
CAFMKLNTGNQLYF,3,0,0
CAVISGAGSYQLTF,6,0,0
CASSLKETQYF,2,0,0
CASSRSLAGAEQYF,2,0,0
CASSLGSSGSRNEQLF,2,0,0
CASSQDTSVGDTQYF,0,0,149
CASLGLSYEQYF,1,0,0
CASSFGLQETQYF,240,0,0
CASRLNNEQYF,3,0,0
CAWSQGGDEQYF,61,0,0
CAESGNRDDKIIF,11,0,0
CAWRYTGLGTETFF,0,2,0
CASRVAGTYNEQFF,1,0,0
CASSEDNSETQYF,1,0,0
CASSLQPGASEQYF,17,0,0
CASSTGFGNNEQFF,460,0,0
CSVEAGYQETQYF,2,0,0
CASSQDLKVSYEQYF,181,0,0
CASSLRLADYEQYF,10,0,0
CASSKRQGSMGNYGYTF,329,0,0
CASSSKVGGYGYTF,175,0,0
CASGSINLNTEAFF,142,0,0
CASSLGSEGIQYPNEQFF,10,0,0
CSVHNPLADQYNEQFF,326,0,0
CASSLGQNNEQFF,20,0,0
CASGTTDSNTEAFF,0,0,248
CSVEQEPLTNTEAFF,7,0,0
CASSEVDSSYDEQFF,3,0,0
CASSLGLATYEQYF,9,0,0
CASSTPGNGYTF,16,0,0
CASSSFDRDTEAFF,1,0,0
CASSLGYSSSTDTQYF,216,0,0
CALSILQGGSEKLVF,123,0,0
CSAGTADYEQYF,1,0,0
CASKDSVRQPQHF,189,0,0
CASSFPGALEQFF,183,0,0
CSARDQTGNGYAF,2,0,0
CASSMLSYEQYF,53,0,0
CASTRDHDSYEQYF,43,0,0
CASTPTVSWGNYGYTF,0,143,0
CASSLAAQDNQPQHF,2,0,0
CASSVTSNHEQFF,8,0,0
CASSSWALNSYEQYF,9,0,0
CASSFGQGANYGYTF,2,0,0
CAGGTSGKLIF,453,0,0
CASSQAGIYYEQYF,3,0,0
CASSLETGDEQYF,94,0,0
CATQELSYEQYF,357,0,0
CASSYGYSYEQYF,342,0,0
CASSHSTGYFETQYF,134,0,0
CASSRQVRETQYF,2,0,0
CSVDVDSYNEQFF,5,0,0
CASSTGRENTEAFF,15,0,0
CAYRSGDDKIIF,1,0,0
CSAKDGGQPFAAFF,10,0,0
CASSALDSYGQYF,1,0,0
CSATDRLEEQYF,0,120,0
CASSQVPGFTISGANVLTF,159,0,0
CAGSLQDYEQHF,1,0,0
CSADTYSLETQYF,12,0,0
CASSEAQGYGYEQYF,15,0,0
CASTPSGSYNEQFF,12,0,0
CASSSGVETQYF,2,0,0
CAVVDF,10,0,0
CASSQDGQQADTQYF,6,0,0
CASSQETSGGPDTQYF,12,0,0
CASSGPVSGPQHF,0,346,0
CASSQDEGTRRYEQYF,3,0,0
CSVEFEGAFF,271,0,0
CAVVVGNYGGSQGNLIF,23,0,0
CASSVEDSSNEQFF,6,0,0
CASSEDTYEQYF,310,0,0
CASSPGQGSYTF,667,0,0
CASSPLAGEDTDTQYF,68,0,0
CASSQDSNQPQHF,173,0,0
CASGSVNSNQPQHF,4,0,0
CASSEVGSSYNEQLF,3,0,0
CSATDRLWEQYF,0,35,0
CASSRDNEQFF,7,0,0
CALSEANSGNTPLVF,2,0,0
CASSEVNSSYNEQFF,4,0,0
CASSFGGSSYNEQFF,10,0,0
CASSLAGGPEEQYF,111,0,0
CSVAASGYNEQFF,256,0,0
CASSPTVTSGEQYF,404,0,0
CASSADSYEQYF,3,0,0
CASSSPSFYGYTF,4,0,0
CASSEVDSSCNEQFF,3,0,0
CAAITNRDDGIIF,1,0,0
CATSDNRDIDTQYF,3,0,0
CASSLANNNQPQHF,1,0,0
CAGSEVDSSYSEQFF,1,0,0
CASSPGLAGDEQYF,93,0,0
CASSQATSTDTQYF,4,0,0
CASSGVDSSYNEQFF,3,0,0
CASSPHSNPGELFF,0,236,0
CASSPSQGGYGYTF,4,0,0
CASSEASSGRDTQYF,8,0,0
CASSVGFAGGNEQFF,161,0,0
CAASGTGNQFYF,9,0,0
CASSQEGWDEQFF,3,0,0
CASSRGLAEGETQYF,1,0,0
CASSPRTSGAYNEQFF,1,0,0
CSAEGQESYEQYF,252,0,0
CATSTVVNEQFF,318,0,0
CASSQALNEQFF,10,0,0
CASSGTQETQYF,5,0,0
CASSIVGQGHEQYF,258,0,0
CASSLGFSLEQFF,0,1,0
CASSFSGSYEQYF,4,0,0
CASMAGSSYNEQFF,140,0,0
CASSGQGGYEQYF,179,0,0
CSVEVDSGETQYF,14,0,0
CAWSGEYNEQFF,163,0,0
CAFGVGSQGNLIF,11,0,0
CASSFFPGAYEQYF,12,0,0
CASSSDASLYNSPLHF,2143,0,0
CASSLVPSGNEQFF,74,0,0
CASSSVLGVNTEAFF,1,0,0
CATDYDKIIF,2,0,0
CAVNTGNQFYF,0,15,0
CASSHDLLAGGSYNEQFF,0,168,0
CASSFDRNTEAFF,1,0,0
CASSEVDNSYNEQLF,3,0,0
CSAGSTGVGQPQHF,0,1,0
CASADGSSYEQYF,5,0,0
CASSSSAEGPYSYNEQFF,141,0,0
CASSSGLDYNEQFF,1,0,0
CASSPQGLGQPQHF,0,331,0
CASSVRPSARKDNEQFF,1,0,0
CASSLPEVGWGTYNSPLHF,218,0,0
CASSLVNSNRSQHF,1,0,0
CATSRDRAYF,36,0,0
CASSLVKQAGGYTF,125,0,0
CSARMTGLGQPQHF,0,71,0
CASSDGLGADTQYF,4,0,0
CAWSVGAGFDEQFF,3,0,0
CAMNTGGFKAIF,0,1,0
CASSVIVSNEQFF,1,0,0
CASSTGLAGYNEQFF,0,0,822
CSANRETGLYEQYF,62,0,0
CASSRNTIYF,954,0,0
CSARDPADYQPQHF,14,0,0
CASTLRNTEAFF,237,0,0
CASSLERGDEQFF,129,0,0
CASSLLFERASTDTQYF,1,0,0
CASSLAQVTYEQYF,0,5,0
CASSLVLAGNEQFF,17,0,0
CSARASDTQYF,3,0,0
CASSQSIGRAGTDTQYF,58,0,0
CASSQRPSATYEQYF,135,0,0
CAMREGLGDDKIIF,184,0,0
CASSKGPGTEAFF,2,0,0
CASSTGLDNEQFF,186,0,0
CASSVVSGLAELNEQFF,2,0,0
CASTLGLAGHADTQYF,418,0,0
CASSWGGGETQYF,164,0,0
CASSPGQSGYTF,24,0,0
CASSQDSGTGTYEQYF,1,0,0
CASSIDPLNNEQFF,2,0,0
CASSVGTDYEQYF,7,0,0
CASSPTGIRTETFF,0,3,0
CASSQDNSLEQYF,7,0,0
CAGSEVDSSYNEQLF,2,0,0
CASSHPSELIEQYF,6,0,0
CASSDLLAEGSYEQYF,18,0,0
CASSFRGGYIDNEQFF,13,0,0
CASSQDSNYNEQFF,16,0,0
CASSFGLSADTQYF,3,0,0
CASSDRLAPDTQYF,3,0,0
CAWSTGNTEAFF,26,0,0
CASSPTGPPYEQYF,4,0,0
CADLNYGGSQGNLIF,10,0,0
CSVTGTEGEQFF,27,0,0
CAHDKEDKIIF,0,0,1
CASSSDRNTGAFF,1,0,0
CASDSFGYQSQETQYF,1,0,0
CATRTSGTYNEQFF,26,0,0
CASSLDSGFEQYF,309,0,0
CASSQRDRRGSYEQYF,19,0,0
CASSLGRGTSGTQHF,30,0,0
CSEQSTSSYNEQFF,1,0,0
CTSSPGQEQYF,3,0,0
CSASRGQTYGYTF,20,0,0
CASSHLGELDGYTF,320,0,0
CASSYSAADIQYF,9,0,0
CASSYTYYEQYF,69,0,0
CAAPANQAGTALIF,340,0,0
CASSLSQYSNQPQHF,4,0,0
CASSLEGLSGRAETQYF,25,0,0
CAFRSGNTGKLIF,52,0,0
CAWERQGNAGNAIYF,1,0,0
CASSLVLAEETQYF,24,0,0
CAESIEGGSEKLVF,146,0,0
CASRYTSGAFEQYF,2,0,0
CASSLAWTDPYF,1,0,0
CASSLGTSYEQYF,152,0,0
CSVEGGSLNEQFF,20,0,0
CASSLAGLEQPQHF,0,1,0
CASSELQVYEQYF,100,0,0
CASSKESGSDNEQFF,179,0,0
CASSLARAYEQYF,4,0,0
CASSQVRGWNTEAFF,11,0,0
CASSEQGVGQPQHF,0,2750,0
CSANQGNSYNEQFF,26,0,0
CASSYSSSTDMQYF,1,0,0
CASSLGLYAYEQYF,2,0,0
CASRSDMGSNTEAFF,3,0,0
CASSLGTGNGFEQFF,15,0,0
CASSEVDSSYNGQLF,6,0,0
CASRKQGSYGYTF,82,0,0
CSARDRVGNTIYF,76,0,0
CATSDGTGADEQYF,205,0,0
CSARDPGANYEQYF,3,0,0
CASSPPRDRWDTEAFF,437,0,0
CASSLGGSEYGYTF,9,0,0
CAMTLSNF,3,0,0
CASSVVLDWNEQFF,821,0,0
CASSPGPYNEQFF,506,0,0
CSANRELEQYF,9,0,0
CASSIRTGKIGYTF,960,0,0
CASSSTGTDTQYF,20,0,0
CASSYPRTSPSNEQFF,162,0,0
CASSLPSGAQYF,1263,0,0
CASSLARLAHEQYF,1,0,0
CASSLGLADDYSYEQYF,3,0,0
CASSPPAAPGEQYF,5,0,0
CAYGGSQGNLIF,9,0,0
CASGRYSYEQYF,209,0,0
CAGSQDVALNEQFF,1,0,0
CSVALGQGILGANVLTF,21,0,0
CASSFGPPGLATYEQYF,2,0,0
CARQPTWGYSYEQYF,0,0,90
CSAAVGQGKDEQFF,18,0,0
CASSPDGNNEQFF,42,0,0
CASSDSPSLTTDTQYF,134,0,0
CAVNTRGFRAIF,0,1,0
CASSLQGSYNEQFF,393,0,0
CASSSRTGMDQPQHF,43,0,0
CASSLAVTNTGELFF,0,236,0
CASSEVDSSYNDQLF,2,0,0
CAVAQYGGSQGNLIF,4,0,0
CASSVTGDTQYF,1,0,0
CASSQSTTDTQYF,212,0,0
CAVGSGGFKTIF,0,745,0
CAVNPGDKIIF,0,217,0
CASSPGSGNTIYF,0,15069,0
CAVNRDDKIIF,8,0,0
CASSPTSIAYEQYF,4,0,0
CATGLAGGETQYF,5,0,0
CASSYGLGQPQHF,0,9378,0
CASSSDGNTEAFF,1,0,0
CASSYDYEQYF,21,0,0
CSAREGLAEETQYF,6,0,0
CALSDQGDYGGSQGNLIF,63,0,0
CSVQTDTQYF,22,0,0
CASSWGLAGEQFF,2,0,0
CAFMSAQGGSEKLVF,3,0,0
CSAGTSYLIETQYF,3,0,0
CSVEPSGSYEQYF,17,0,0
CRAGSTGFVLGLQAVSTDTQYF,0,0,216
CASSKGAGSTDTQYF,405,0,0
CASSGLAGVPYEQYF,617,0,0
CASSLGGTVQYF,2,0,0
CASSVVMATDTQYF,21,0,0
CASSLDAQSVSAFF,2,0,0
CAVNQAGTALIF,0,53,0
CASSSTSNEQFF,1,0,0
CASSYTEAFF,4,0,0
CASSLAPSLANEQFF,202,0,0
CASSVASGSYEQFF,21,0,0
CASSLAGTGEGSYEQYF,152,0,0
CASTRAGTGADTQYF,294,0,0
CASSSGSAYNEQFF,1,0,0
CASSLAAYERYF,0,1,0
CASSHDRPRFF,10,0,0
CASSQGDTGVRYGYTF,4,0,0
CSALSGREPDTQYF,5,0,0
CASSQDLTYEQYF,1,0,0
CASSQDVVAEYNEQFF,3,0,0
CASSYSTTDSTDTQYF,2,0,0
CASSFNSYNEQFF,59,0,0
CASSQDSGRATTEAFF,69,0,0
CAGLDYGQNFVF,8,0,0
CASSQSLNEQFF,1,0,0
CAISESFSLTIDTDTQYF,9,0,0
CASSYSGSGETQYF,0,85,0
CASETGSTDTQYF,6,0,0
CASSLAGTAQETQYF,449,0,0
CASSFSMTERFF,1,0,0
CASTTTRDITQYF,2091,0,0
CASSLAYQETQYF,25,0,0
CAVNTGGFKAIF,0,54,0
CSASGTGVGQPQHF,0,1220,0
CASSPDRAASYEQYF,29,0,0
CSARIGQGFSNEQLF,1,0,0
CATVDGSSNTGKLIF,437,0,0
CAVNTGGFRAIF,0,1,0
CAARGYF,85,0,0
CAWERPGSSGNTIYF,1,0,0
CASSSGQGQYF,1,0,0
CAASDLGSYNGQFF,1,0,0
CASSQDLSLSTEAFF,389,0,0
CAGVNYGGSQGNLIF,2518,0,0
CASSLGLNEQFF,1,0,0
CASASRLNEQFF,2,0,0
CAVEADNF,13,0,0
CASSQDDAGPYNEQFF,514,0,0
CASGDITRGSYNEQFF,157,0,0
CASSPGEGYGYTF,3,0,0
CASSSPGVAYNEQFF,1,0,0
CASSLSPGGREQYF,558,0,0
CASSDDYGSYEQYF,7,0,0
CASSSILQINTEAFF,4,0,0
CASSEAKGQVYNEQFF,77,0,0
CSARDAAGVNTYEQYF,1,0,0
CASSLGYSNQPQHF,9,0,0
CACTLRGAGTGAFF,3,0,0
CASSQEGQNSNQPQHF,163,0,0
CATSREGVLAGARNEQFF,0,17,0
CASSLRDSHTDTQYF,218,0,0
CATSSTVNEQFF,112,0,0
CASRTGLSNQPQHF,17,0,0
CASSEVDSPYNKQFF,1,0,0
CASSYSTAYEQYF,270,0,0
CASSRDVALDEQFF,1,0,0
CSVTSGSLETQYF,0,0,241
CASSAGTGSYEQYF,0,0,129
CAMREGLRDDKIIF,1,0,0
CASSYGSGDTEAFF,24,0,0
CASSTRDRQNTEAFF,403,0,0
CASSTLSFF,2,0,0
CASSLGHAAYEQYF,144,0,0
CASSLGTGSISYGYTF,888,0,0
CASSPGVTEAFF,7,0,0
CAWSLGRSNQPQHF,5,0,0
CASSLRDQGWNEQFF,0,0,1
CASSPQGNYGYTF,31,0,0
CSVMDSSYNEQFF,3,0,0
CATSDVWTSGTYNEQFF,2,0,0
CAGSQDLRLQRYEQYF,1,0,0
CASSLVPNTEAFF,4,0,0
CASSLAGQTHSYEQYF,4,0,0
CASSSKLASSYNEQFF,11,0,0
CASSPRGSEAFF,10,0,0