CDR3,JR_MelA-_TCRb_t01,JR_MelA+_TCRb_t01,JR_MelA+_TCRb_t02
CALVTLSGNTPLVF,2232,2235,145
CASRGQWVFYNEQFF,65,46,300
CASSSAEGSYNSPLHF,4,12,147
CALNTGGFKTIF,1177,366,1187
CASSSAYYGYTF,455,516,29
CASSGRRESSYNEQFF,61,66,166
CASSLHRPGYYGYTF,36,2727,528
CALSEAPGMNRDDKIIF,16792,76,930
CASSPGVSYEQYF,258,376,437
CAITTSLGYEQYF,1971,6435,922
CASSVVGVSYNEQFF,1019,2677,64
CAYRLPLRDDKIIF,88,478,9
CASSSEPGLQETQYF,13319,26657,2005
CASSQDYDSYEQYF,285,633,35
CASSSYGTLDGYTF,9672,10496,682
CAENQAGTALIF,46,350,136
CASSLAVGGPGTQYF,35140,159,125
CASSHRLAYNEQFF,17,54,0
CALSPDTGGFKAIF,10,9,0
CASSLLWPSGETQYF,86,0,103
CASSSKPGLQETQYF,2,1,0
CASSTLTGSTDTQYF,59,265,0
CAYRFLTQGGSEKLVF,34,90,0
CASSQDYGANVLTF,40,84,0
CASSSESGLQETQYF,2,1,0
CASSLEDSSTDTQYF,417,508,0
CSVETDRGRNEQFF,103,0,11
CASSLSDRLPEETQYF,0,1,2
CALSDDDKIIF,140,6417,0
CASSLVSSEGYQETQYF,28,653,0
CASSPEPPSVINEQFF,11,0,114
CASSVDGGSYEQYF,18,3340,0
CAYRSPLRDDKIIF,95,826,0
CAGSSEPGLQETQYF,3,1,0
CASSQESLTDTQYF,2,63,0
CASSEGQGTEAFF,53,90,0
CASSSVNEQYF,302,0,444
CALSGAPGMNRDDKIIF,3,0,1
CASSSEPGLQETQHF,3,3,0
CASSSEPGLQEIQYF,0,1,1
CAWSVQWKGFGQSNQPQHF,37,4020,0
CAVSEGPSGSQGNLIF,4,0,119
CASSHMDGQETQYF,129,51,0
CAVNGGSQGNLIF,1,37,0
CAITTSLGYKQYF,1,1,0
CAPNRDDKIIF,0,212,149
CASSLGTGNTEAFF,0,81,25
CASSLSGRLPEETQYF,0,13706,6240
CASSPVNEQFF,17,24,0
CAWSVSGNYEQYF,4073,124,0
CASSLDETYEQYF,496,11,0
CASSLSRVWLTEAFF,19,2329,0
CASSHRQELYNSPLHF,0,85,2405
CSAGTRETEAFF,365,0,140
CASSIVNEQYF,100,11,0
CASGSEPGLQETQYF,3,2,0
CASRDTDNTIYF,78,241,0
CASSLEASGSSYNEQFF,51,84,0
CASSSDRLRSPLHF,0,1474,16
CSVETDKGRNEQFF,1035,0,0
CASSPSRWAEAFF,0,101,0
CASSQPGLAGISADTQYF,0,105,0
CAVWSNTGKLIF,148,0,0
CASSLSRVDYGYTF,4,0,0
CAASKGWRKQGNLIF,440,0,0
CASSSSVTSGPDTQYF,25,0,0
CSVGTAVWDQYF,95,0,0
CSAPAGHMVADTQYF,20,0,0
CASQNQGETIYGYTF,17,0,0
CSARVGPSTDTQYF,0,2,0
CASSESGANVLTF,141,0,0
CASSYQNYGYTF,0,217,0
CASRAAAGNNEQFF,24,0,0
CAWSASGNCEQYF,3,0,0
CASTLTVSSYEQYF,0,21,0
CAASVYGGSQGNLIF,340,0,0
CASSLEGAYEQYF,7,0,0
CALSDAPGMNRDDKIIF,1,0,0
CASSLSDLNSYEQYF,0,82,0
CASSQQGLGNTIYF,0,0,4
CAASNRDDKIIF,30,0,0
CASSSGPGLQETQYF,0,5,0
CSVEFALQNYGYTF,71,0,0
CAEKLGRGSTLGRLYF,10,0,0
CSAAASSGVNEQFF,0,0,3
CASRHGTGPRDEQYF,0,0,120
CASSYGTPNTEAFF,0,0,37
CASSVVGLGTRNTEAFF,54,0,0
CASSLGATEAFF,48,0,0
CASSLGPNTEAFF,35,0,0
CASSLAVRGPGTQYF,0,95,0
CATSPGDYSYEQYF,42,0,0
CAGSGGHFQETQYF,2,0,0
CASSYSLTHLSFVSTDTQYF,20,0,0
CAVEDTQGGSEKLVF,0,219,0
CAFVDRGSTLGRLYF,0,0,22
CASSLYGNEQFF,1571,0,0
CANSRRGTDTQYF,0,2,0
CASSFLTASYYEQYF,1,0,0
CARENTGGFKAIF,6,0,0
CASSSGLVGANVLTF,54,0,0
CASTETNVAGYTEAFF,5,0,0
CASSHGYSYEQYF,2,0,0
CASTPTGERNTEAFF,113,0,0
CASSQGWNQPQHF,0,0,56
CASSPDRGLNTEAFF,12,0,0
CARSSYETLDGYTF,2,0,0
CAVPFTGKLIF,0,0,186
CATTQGRGVYRTDTQYF,71,0,0
CASSLAGVGQPQHF,2351,0,0
CATNRKWGQGTGNTIYF,16,0,0
CASSPRGNRPQHF,0,3,0
CASNLSGRLSEETQYF,0,0,2
CALSEALGMNGDDKIIF,1,0,0
CASSYGARQPQHF,79,0,0
CAFMKPQGGSEKLVF,201,0,0
CASSNPMVSATYEQYF,80,0,0
CAVNRDF,0,1,0
CATSDEGQGIETQYF,60,0,0
CASSSGRLNTEAFF,0,19,0
CASSWAGPDTQYF,21,0,0
CASQTQGLGTEAFF,0,0,175
CASSPLQGQNTEAFF,74,0,0
CASSLVPGQGFDTQYF,0,0,104
CALSEVPGMNRDDMIIF,4,0,0
CTSSLSGRLPEEAQYF,0,1,0
CAGSSESGLQETQYF,0,1,0
CAVEDSGNTPLVF,34,0,0
CASSEDGTYAADTQYF,0,10,0
CAERGNTGNQFYF,0,0,14
CASSYSGETYNEQFF,179,0,0
CASSVDDGSYGQYF,0,1,0
CAVDPNYGGSQGNLIF,0,10,0
CASKGVLLYEQYF,0,0,459
CALNTGGFKAIF,1,0,0
CASSLVRDLGADTQYF,3432,0,0
CSAPTGDTEAFF,0,0,2
CASSPEPGLQETQYF,0,1,0
CASSRRSPDTQYF,0,3,0
CAGSSTQGWNIQYF,2,0,0
CASSYPGTEQFF,0,82,0
CALSEAPGMNRGDKIIF,2,0,0
CASSVEGISNQPQHF,114,0,0
CASSKEGVDRVNNEQFF,116,0,0
CALSEPGMNRDDKIIF,181,0,0
CASSMSSIGQPQHF,0,0,377
CSVEAFF,52,0,0
CALNTGDFETIF,3,0,0
CASSFEGSYEQYF,32,0,0
CAWSLQELGYGYTF,0,0,1
CASSIVGASYNEQFF,0,3,0
CASSQSTGQETQYF,256,0,0
CASSLSGRLSEGTQYF,0,0,2
CASSGDTDTQYF,32,0,0
CASSEAGTSPQHF,0,146,0
CASSSESGPQETQYF,0,1,0
CAASALYGGSQGNLIF,0,392,0
CAVETWNSGNTPLVF,0,0,119
CALNTGGLKAIF,3,0,0
CAESPLSGNTPPVF,0,1,0
CASSSYGTLGGYTF,0,1,0
CAPRGSNF,0,16,0
CASNSEPGLQETQYF,5,0,0
CASSLDPSASNEQFF,13,0,0
CASSISGGLPEETQYF,0,0,1
CAITTSPGYEQYF,0,1,0
CASSLVSSGEYQETQYF,87,0,0
CASSSAGTSRGFFAYEQYF,8616,0,0
CSAAGQGHEQYF,1,0,0
CASSISDRGEQFF,13,0,0
CASSLRPQGYEQYF,5,0,0
CALAGSGAGSYHLTF,1,0,0
CASSPEASGSSYNEQFF,254,0,0
CAIRVDSNNEQFF,0,3,0
CASSSQTGVGYTF,22,0,0
CATSDSSSSPNEQFF,254,0,0
CASRDALLEQFF,273,0,0
CASSVQLTDTQYF,0,0,43
CASSLGYGNEQYF,0,470,0
CASSMTGELNTEAFF,212,0,0
CASSPHSGTSVEQYF,0,0,158
CASSLLLDTEAFF,0,29,0
CAITTSLDYEQYF,0,1,0
CAVEKLVF,971,0,0
CSARDRTVGDNEQFF,118,0,0
CAVDGSMNRDDKIIF,10,0,0
CSASGYLNYNEQFF,49,0,0
CASRPLGQPNEQFF,0,0,4
CASGSEPGLQATQYF,0,1,0
CTSSSEPGLQETQYF,0,1,0
CASTSTPSSYEQYF,47,0,0
CASSDRYPLQPQHF,0,0,1
CAGSPFSGNTPLVF,0,1,0
CASSYSGRTYNEQFF,257,0,0
CASSWVGTGVYNEQFF,0,0,1
CASSGGQVQFF,0,389,0
CAGSRRSTDTQYF,0,2,0
CSARDLEGLDLTTQYF,16,0,0
CASSQVYDTQYF,50,0,0
CASSRLGNTEAFF,0,0,1023
CAYYGGSQGNLIF,211,0,0
CATTISLGYEQYF,0,15,0
CASSLNGQENYGYTF,32,0,0
CASSGMGHHEQYF,31,0,0
CASSVVGVSHNEQFF,0,1,0
CAALNRDDEIIF,1,0,0
CASSVDSGALETQYF,0,54,0
CSARPHHNEQFF,0,0,1
CSDADIFNTEAFF,104,0,0
CASSLVSSRGYQEAQYF,0,2454,0
CASSQGLELDEAFF,233,0,0
CAASRQAGTALIF,6,0,0
CATSRDSQGSPLHF,33,0,0
CAIRRDSNNEQFF,0,3,0
CASSDSIPSYNEQFF,0,30,0
CSARPTGTYEQFF,65,0,0
CASSARAESNQPQHF,36,0,0
CASSQGYSYEQHF,4,0,0
CASSSRTGYDEQYF,59,0,0
CASSLGLAVEQYF,1,0,0
CTSSLYGNEQFF,1,0,0
CASGLDSPVTEAFF,77,0,0
CACSLSGRLPEEIQYF,0,1,0
CASSQGYSYKQHF,1,0,0
CASSEGHGEQYF,14,0,0
CASSQVGGVEAFF,171,0,0
CASSSDGTTDTQYF,0,63,0
CASSLAGGNFNEQFF,1,0,0
CAGSPFSGNTSLVF,0,1,0
CASSLEDSSSYEQYF,0,0,202
CASSPSGVNEQFF,45,0,0
CASSLEGTGTFYEQYF,1491,0,0
CASSQGPNRPQHF,11,0,0
CASSYTGNTEAFF,1155,0,0
CASHQDWTGRTDTQYF,53,0,0
CASSLLAGGIDTQYF,2504,0,0
CASSLFGNSPLHF,0,0,178
CATGQGFTEAFF,12,0,0
CAVSGRYNQGGKLIF,29,0,0
CSARDPRGWETQYF,0,0,12035
CALSGGSQGNLIF,52,0,0
CASSVTGTDYGYTF,0,476,0
CAMREPYSGAGSYQLTF,1,0,0
CASISSSYEQYF,20,0,0
CASSQGDTQYF,0,0,184
CASSLGALQETQYF,0,6,0
CASSQDIHATDTQYF,0,65,0
CASRPTRNTDTQYF,112,0,0
CSALTGNKTIQYF,0,0,46
CALGVPSNTGKLIF,50,0,0
CASLMNTEAFF,38,0,0
CASSSYETLDGYTF,0,1,0
CASSLSGRLLEETQYF,0,0,2
CASSARPLTEAFF,0,261,0
CASSSEPGLQETLYF,0,1,0
CAVDPYRDDKIIF,10,0,0
CALSPDRGSTLGRLYF,14,0,0
CASSWTSTDTQYF,13,0,0
CASEGEASNQPQHF,45,0,0
CAALNYGGSQGNLIF,0,85,0
CASSFLGSPYEQYF,37,0,0
CASSLSSNQPQHF,0,0,18
CSVEVLGQFNYGYTF,5078,0,0
CASSFGGYEQYF,0,0,3
CASSYVPGLQETQYF,0,1,0
CALSSTNF,0,0,644
CASSFGTQTGEQYF,0,0,2
CATSKTDTQYF,68,0,0
CASSPRRTYEQYF,0,0,39
CASSLGGRLPEEAQYF,0,1,0
CAFISGRDDKIIF,358,0,0
CASSQGGEAFF,0,0,135
CASSVDSGSYEQYF,0,1,0
CSARDGQQAYEQYF,18,0,0
CSVADRGPGNTIYF,41,0,0
CATRDSLNTEAFF,161,0,0
CASSQTTDGTQYF,1,0,0
CASSWVGTGDCNEQLF,0,0,1
CAEISLGSYGGSQGNLIF,0,41,0
CATTPSGSIYEQYF,0,0,3
CSARDSGTGDSIQETQYF,9,0,0
CAMSAMNRDDKIIF,3,0,0
CASSLAPGFPNEQFF,3624,0,0
CALLRNGGSQGNLIF,0,0,482
CAGSSAYYGYTF,1,0,0
CASSQSVRGLGNQPQHF,80,0,0
CASSPYGTPDGYTF,1,0,0
CASSSGGATDTQYF,0,0,3
CASTLNGEQFF,10,0,0
CASSSDRGYEQYF,134,0,0
CAVWEYGGSQGNLIF,10,0,0
CASSLGDSFYGYTF,4,0,0
CASSFGTSRGYEQFF,0,208,0
CASSHWEDSTNEQFF,252,0,0
CASSAAVLYEQYF,0,12,0
CASSKFYGSYNEQFF,3,0,0
CASNLAVGGPGTQYF,3,0,0
CAITTNLGYEQYF,0,2,0
CAYRSALTQGGSEKLVF,66,0,0
CAWSFTPETQYF,14,0,0
CASSSFTGMEEQYF,5,0,0
CASSQDAVAADKQYF,0,0,1
CASSYDRGNYNEQFF,0,15,0
CSVEVLGQFNYSYTF,2,0,0
CAVELSRDDKIIF,45,0,0
CASQGTSEALEQFF,7,0,0
CASSYSRIWVNTEAFF,0,0,1
CSVGELAGSDTQYF,13,0,0
CASSSAGTSGDFFAYEQYF,490,0,0
CAVNGWTGKLIF,0,0,1
CAVRPSNF,0,0,6
CASSPSQDYGYTF,0,213,0
CASSSRGNQPQHF,0,7411,0
CASSSTSSLVSEQYF,0,15,0
CASSAWVGSNQPQHF,0,0,1
CASSYTQESLDIQYF,251,0,0
CAISDRDRLFDEQYF,5,0,0
CAESPFPGNTPPVF,0,1,0
CASSPPGQIYYGYTF,82,0,0
CASNTGGDANYGYTF,119,0,0
CASSQTSNSYEQYF,0,0,41
CSVRSSEVYEQYF,4,0,0
CADHRDDKIIF,7,0,0
CASSPPIVETQYF,24,0,0
CASSLAGPSGANVLTF,0,0,58
CASSQDWPGASYEQYF,371,0,0
CAGSVVGVSHNEQFF,0,1,0
CASSVEVGEQFF,0,441,0
CASSSLEPALDTQYF,1,0,0
CASSQGYSYEQYF,4967,0,0
CASSSSGEQFF,0,0,155
CAISPDRAQDGYTF,23,0,0
CASSPGDYSYEQYF,27,0,0
CASSQEGQASSYEQYF,16,0,0
CASNTGQGLVTEAFF,88,0,0
CASSSPNLPYEQYF,0,0,1
CSAVMDPSPLETQYF,0,127,0
CASSSESGLQETRYF,0,6,0
CAVQADRGDDKIIF,4,0,0
CASSSKPGLRETQYF,0,1,0
CAASKGWRKRGNLIF,0,150,0
CASDPKGSQGNLIF,143,0,0
CASSQGSTYEQYF,0,0,80
CSAREWTFTDTQYF,13,0,0
CANTEAFF,0,0,1
CAWSVSGDYEQNF,1,0,0
CASSPLTGTGSYGYTF,13,0,0
CAVSDPGAGSYQLTF,38,0,0
CASSLLEAAEAFF,0,47,0
CASSDGPYEQYF,16,0,0
CAGSLSGRLPEEIQYF,0,1,0
CALSDDDRTIF,0,1,0
CASSDTLYSNQPQHF,0,0,44
CASAARPYEQYF,425,0,0
CALDDDGSSNTGKLIF,23,0,0
CASSQGVQGTYGYTF,0,0,63
CANSLSRVWLAEAFF,0,1,0
CASSGRSTDTQYF,0,2,0
CASSLILEQFF,48,0,0
CASSRNRWEDEQFF,17,0,0
CASSHQTSQETQYF,0,728,0
CAESPFSGNAPLVF,0,1,0
CASSVTGTGSYEQYF,0,0,54
CASSVGQAQEAFF,0,12,0
CASSNRDNTDTQYF,0,0,21
CASSERAGRSQPQHF,0,382,0
CAFRSTSGTYKYIF,16,0,0
CAGSSEPGLHETQYF,0,1,0
CASSSPGVNYGYTF,84,0,0
CASSSGPGLQGTQYF,0,2,0
CASSHWGDSTNEQFF,263,0,0
CANSLAPGFPNEQFF,2,0,0
CASSGGHFQETQYF,1458,0,0
CAATRDDKIIF,11,0,0
CASSSYGTPGGYTF,0,1,0
CASSWVGTGDYNEQFF,0,0,4316
CASSLWDPLNTEAFF,0,78,0
CASRSYGTLDGYTF,0,1,0
CSARGLAGDSYEQYF,0,3,0
CASGWDGTNYGYTF,3,0,0
CASSSDRTYYSEQYF,6,0,0
CASSQEPLTDTQYF,0,1,0
CASSQGPLADEQFF,0,0,2
CASSPLDRGDDGYTF,8,0,0
CASSHSGTYEQYF,0,0,9
CASSSRTSGLNEQFF,0,0,113
CALSSSSNTGKLIF,0,635,0
CSVRDSEVYEQYF,5835,0,0
CAVRSMNYGGSQGNLIF,32,0,0
CASSYSGIWVNTEAFF,0,0,1493
CSATGQGYEQYF,4874,0,0
CALNTEGFKAIF,0,0,1
CAMSFSSSNTGKLIF,0,0,91
CASSVGGNEQFF,62,0,0
CALNTGGSETIF,1,0,0
CASLKGQFYNEQFF,0,186,0
CASGSEPGLQETQHF,0,1,0
CASSLSPIFGDGYTF,0,0,9
CASSEGFYNEQFF,0,0,4
CAASKGWRKQGDLIF,0,27,0
CASSLARSGQFF,0,596,0
CAEEDDKIIF,0,234,0
CASNLSGRLPEETQYF,0,1,0
CASLGQGFYEQYF,4,0,0
CAVGNTPLVF,0,0,5
CASSSYTENTEAFF,13,0,0
CASSPGRFEAFF,20,0,0
CASSYEHQETQYF,0,270,0
CASSPQMGLANLYEQYF,34,0,0
CASSPRGTGPATEAFF,15,0,0
CAESDTGGFETIF,0,0,3
CASSPGTAPSNYGYTF,0,21,0
CASSYSGGTYNEQFF,474,0,0
CASSYEAGLNTDTQYF,21,0,0
CASSHWRDSTNEQFF,192,0,0
CALSDDDKIVF,0,1,0
CASSLRDTEAFF,13,0,0
CALNTGGFETIF,1,0,0
CALREAPGMNRDDKIIF,6,0,0
CSAEKGLADNEQFF,58,0,0
CAWSVLASYEQYF,3,0,0
CAESSFSGNTPLVF,0,1,0
CALSEAPGMNRDDKTIF,1,0,0
CASSPGQVYEQYF,108,0,0
CASATGENQPQHF,0,0,65
CASSYSEGTYNEQFF,67,0,0
CASLPGQGFEQYF,0,0,324
CASSSSGSYNEQFF,1,0,0
CASSLGDAAWMETQYF,0,0,683
CASSLGSHYGYTF,0,3,0
CASSLDRLLRYF,0,64,0
CASSGRWDLGNEQFF,0,0,53
CASSYTTRTLGSQPQHF,2,0,0
CASSPTGTASYEQYF,0,0,1
CTSSSEPGLQEIQYF,0,0,2
CASSGQGTGAGYGYTF,3,0,0
CASSLDSTIYEQYF,0,0,2
CAFDHYGGSQGNLIF,4,0,0
CASSPGQLGLYGYTF,0,0,463
CASSSGQAPGNEQFF,0,10,0
CASGSEPGLQETLYF,0,2,0
CAGPSGNTPLVF,0,56,0
CASSASSEAFF,0,0,2
CAESPSSGNTPLVF,0,6,0
CASSSYGTLDGCTF,0,2,0
CALNTGGSKAIF,0,0,1
CASSYAASSYNEQLF,0,0,2
CSVLQGPYEAFF,0,0,1
CASRGQGAYEQYF,17,0,0
CASSQESTGIIYEQYF,45,0,0
CASSIKGPNTEAFF,0,0,146
CAVKDYGGSQGNLIF,0,49,0
CASSSELGLRETQYF,0,2,0
CASSSEPGLQETRHF,0,1,0
CASSLSEGTWPQHF,45,0,0
CASSLDSSDTQYF,0,0,8
CASRLGRGPGNQPQHF,0,0,4
CSARDVEAGNSYEQYF,13,0,0
CSVEVLGRFNYGHTF,1,0,0
CSAQHREEQPQHF,467,0,0
CAGSSHRPGYYGYTF,0,0,1
CASSFTRLAENIQYF,428,0,0
CAVDPSSNTGKLIF,0,0,20
CASSLGQAEAFF,50,0,0
CAVVNQAGTALIF,0,5,0
CASSGSGIYEQYF,0,3,0
CANSPHDRLAGANSGANVLTF,8,0,0
CAVTDMNRDDKIIF,0,0,51
CASSPLWEKPYEQYF,0,0,1
CASSVAPNYGYTF,100,0,0
CATSTQGGSEKLVF,0,431,0
CASSLSGTEAFF,0,105,0
CASSQGVQEAYGYTF,0,0,52
CASSAAPDGWEQFF,0,1194,0
CSAKDRAGNTIYF,6,0,0
CAYRGPLRDDKIIF,0,1,0
CASSLDWRGSNTEAFF,0,3,0
CASSEDRWDSPLHF,807,0,0
CASSSGPGPQETQYF,0,5,0
CASSLDYGYTF,169,0,0
CSALTGTNIQYF,0,0,1
CALSEAPGMNRDYKIIF,1,0,0
CASSLVSSRGYQETQYF,14597,0,0
CASSGDIVVTQYF,10,0,0
CALSEALGMNRDDKTIF,10,0,0
CAITASPGYEQYF,0,1,0
CASSSDRNYGYTF,203,0,0
CASSFRGQGFYGYTF,968,0,0
CASSQDRYSNQPQHF,33,0,0
CASSLTPNEQFF,0,197,0
CASSSTQGWNIQYF,372,0,0
CASSSEPGLQVTQYF,1,0,0
CAMSLSNF,0,37,0
CASSSEPGLRETQHF,0,1,0
CSAPRDLAGSSYEQYF,37,0,0
CAMRPLPNF,0,0,1
CASSSEPRLQETQHF,0,1,0
CASSLRLSGLTEAFF,34,0,0
CASLNYGGSQGNLIF,0,472,0
CASSLMSSGGEQYF,0,1,0
CASSPYGTLDGCTF,1,0,0
CAALNRDDKIIF,88,0,0
CASSLVSSGGYQETQYF,80,0,0
CAESPFSGSTPLVF,0,2,0
CASSPSYEQYF,25,0,0
CASSQGYSYGQHF,1,0,0
CASSPVIVHHQPQHF,24,0,0
CASQKVHQLNNEQFF,150,0,0
CASSLDLSEQYF,0,1,0
CASSSETSIGTQYF,0,126,0
CASSYPTSGANVLTF,400,0,0
CASSPRSQDYEQYF,19,0,0
CASSLVSSGGYQEAQYF,0,298,0
CSRLDILGTEAFF,31,0,0
CAVNTGYGGSQGNLIF,26,0,0
CASSLSMNEQFF,0,2,0
CASSLGLILNNEQFF,49,0,0
CASNPEGLSYNEQFF,0,5103,0
CASGRDTQYF,0,1,0
CAESPFSGNTPLVF,0,25236,0
CASSQDRGYGYTF,83,0,0
CASSRTGTSNYEQYF,0,0,2
CAWSVQRYTEAFF,10,0,0
CASSLSILADEQFF,0,5,0
CASSLVSSGRYQETQYF,75,0,0
CASSSEPRLQEIQYF,0,0,1
CAEVLKGHGQESTYF,21,0,0
CAISVDNYNEQFF,39,0,0
CSVRGSEVYEQYF,1,0,0
CASSVSVRRGGNEQFF,0,502,0
CASSFSGFGNEQFF,0,2,0
CASSQPGLAGTFADTQYF,0,6174,0
CTSSSSGRLPEETQYF,0,2,0
CAYRSQDGGSQGNLIF,131,0,0
CASSLSVSGGAGHEQYF,2296,0,0
CASSSSTGPVTQYF,19,0,0
CAVESGRLIF,21,0,0
CASSTGVDQPQHF,35,0,0
CAARDDKIIF,0,54,0
CSAQHRREQPQHF,155,0,0
CASSIGVDQPQHF,50,0,0
CASSAVSLSSYEQYF,33,0,0
CASSLVSIAGHSYNEQFF,4,0,0
CASSLDSNQPQHF,0,1,0
CASSRRSTDTQYF,0,7869,0
CASSHRDEMNTEAFF,0,30,0
CASSYSIREADTQYF,0,5,0
CASSLRYDTQYF,9,0,0
CASSEIPGQGSTEAFF,0,122,0
CASTASWGEQFF,12,0,0
CSASDYLAKDEQYF,0,43,0
CSVENVYGYTF,114,0,0
CASRAGPNYTF,12,0,0
CASSLGGANSPLHF,0,16,0
CASSRVGNQPQHF,0,1,0
CASSLMATEQFF,107,0,0
CASSSEPGLQGTQYF,2,0,0
CASSLSGGLPEETQYF,0,0,1
CASGSESGLQETQYF,0,1,0
CASSSGSGLQETQYF,0,1,0
CASSSLSGLFTNSNQPQHF,0,2090,0
CSARDRVGNTIYF,448,0,0
CASSSGMETQYF,1,0,0
CASSHHPGTHSYEQYF,24,0,0
CASSEHDYYGYTF,109,0,0
CASSSSLNTEAFF,0,1,0
CAPSEAPGMNRDDKIIF,2,0,0
CASSQPGLAGILADTQYF,0,44,0
CSAGEGYQETQYF,58,0,0
CASSSSRVWLAEAFF,0,1,0
CASSSHWVISTDTQYF,0,0,1
CASSDGQGTDTEAFF,36,0,0
CASSSEPGLQETRYF,2,0,0
CASSQGTSGSVYEQYF,91,0,0
CSARDRDRASYEQYF,23,0,0
CAYRRERDDKIIF,0,268,0
CASNLEGLSYNEQFF,0,1,0
CAVHISNF,0,0,1
CASSERTQVNQPQHF,1,0,0
CASSLSYEQYF,0,42,0
CASSRRSTDTRYF,0,2,0
CASSFGLAGLQETQYF,0,0,27
CATYNQAGTALIF,0,5,0
CASSLVRDLGADTRYF,1,0,0
CALSPDTGGFETIF,30,0,0
CAWSVRWKGFGQSNQPQHF,0,2,0
CASSSYGTLNGCTF,0,1,0
CASGLYNSYEQYF,0,0,3
CASSSGGMETQYF,55,0,0
CSVETDRRRSEQFF,0,0,2
CAFSLSIQGGSEKLVF,299,0,0
CASSEFYGSYNEQFF,3359,0,0
CASSSRGSQPQHF,0,1,0
CASSYVDIYEQYF,0,58,0
CASTWDSTFSGNTIYF,20,0,0
CAVRPGNTGKLIF,0,137,0
CAQPQGGSEKLVF,580,0,0
CASSRDRVANYGYTF,75,0,0
CASNPARHTEAFF,0,0,2
CASSRRSAGTQYF,0,2,0
CAVIALNTGGFKTIF,1,0,0
CASSLAPGFPNGPFF,2,0,0
CALGEHGGSQGNLIF,0,0,71
CALSEAQGMNRDDKIIF,1,0,0
CANQAGTALIF,2,0,0
CASSQVPDTEAFF,187,0,0
CSVTSGSLETQYF,0,0,2
CASGRRSTDTQYF,0,1,0
CASSPGLATTDTQYF,33,0,0
CARENTGGFETIF,14,0,0
CASRYAQGSLYGYTF,2,0,0
CASSQPGLAGIFADTQYF,0,225,0