CDR3,MP_MelA-_TCRb_t01,MP_MelA+_TCRb_t01,MP_MelA+_TCRb_t02
CAWSGGSYEQYF,23739,7537,369
CAVGAIDF,6,13,1
CASSQDAVAADKQYF,2958,75126,2180
CAGQLTRHGGSQGNLIF,15529,438,29
CAAGADGGSQGNLIF,271,639,35
CASSLLAPLQSTDTQYF,9630,1663,20
CASSLEGTGVVNTEAFF,148,1007,2
CASSPVAGPYEQYF,1320,4127,251
CASSYLTSADTQYF,184,0,2
CASSQDPLQETQYF,0,1292,297
CASRPPGQGTEQYF,165,16888,0
CASSQIQGSGANVLTF,117,6315,0
CASRPIGLSQETQYF,11,0,2
CASSLVPGLSYEQYF,45,0,1
CASSLGWARGIYEQYF,6883,1818,0
CASSYFPTEAFF,266,1218,0
CASSQDPTGNEQFF,0,27378,1214
CATSEGQGGETQYF,28,1484,0
CASSGQGAAYEQYF,741,4233,0
CASSLIAVQDGSGTEAFF,4370,297,0
CAYCNDKIIF,157,0,9
CAMSSPIIF,149,0,19
CASSQDPVRNTIYF,111,0,543
CASSFWGEEQFF,62,0,467
CAGSQDAVAADKQYF,8,2,0
CASSQDAVAADEQYF,0,2,2
CANSQDAVAADKQYF,4,5,0
CSAPLDSTLTQYF,12,4366,0
CASSQDGTATYEQYF,816,9255,0
CASSGNPSDEQFF,9943,198,0
CASSRDAVAADKQYF,1,177,0
CASSLHRDSYEQFF,628,0,1
CASHSGQGTDTQYF,3420,0,2
CASSLVSYEQFF,10,0,0
CASSQDGTATYEQHF,0,3,0
CASSSTPGLVYEQYF,68,0,0
CASSLLGGYTF,0,0,1
CASSQIQGTGGTIYF,1,0,0
CASSQDLTGNEQFF,0,2,0
CASSLGQGGYGYTF,49,0,0
CASSTGQPDERYF,0,1,0
CASSYYPSRDEQYF,0,200,0
CASSLEEGTEAFF,0,0,11
CASSLAYEQYF,16,0,0
CAVNMGGTALIF,2,0,0
CAWEHSSNNEQFF,29,0,0
CAELDNTDKLIF,1,0,0
CASSSSLRADYGYTF,204,0,0
CAVGVVSGSEKLVF,2,0,0
CASSSTGFEAFF,5115,0,0
CASRTGRPEEQYF,0,2,0
CAFISGSEKLVF,38,0,0
CASSSTGVGLSTQYF,12,0,0
CASSPTSYEQYF,11,0,0
CAGGLIAVQDGSGTEAFF,2,0,0
CAIGTANTEAFF,51,0,0
CASSYNRVETQYF,128,0,0
CSVEILAHEQFF,204,0,0
CASSESWADMQYF,0,0,1
CASSSGTLGNTIYF,35,0,0
CASSSGGANVLTF,74,0,0
CAWSEGLWDSYTF,1,0,0
CASSIIPASYNEQFF,1,0,0
CAVSGSQGNLIF,33,0,0
CASSPSRTYNEQFF,19,0,0
CASSLRGYNEQFF,0,2049,0
CASRLAIRRVSINRPQHF,1,0,0
CASSQVKGLAGYEQYF,161,0,0
CASRRQGETEAFF,246,0,0
CASIEQETQYF,0,39232,0
CASSEMVRNTEAFF,7,0,0
CAVGGSQGNLIF,55,0,0
CASSYSRRGETQYF,90,0,0
CASGQDPAGNEQFF,0,0,2
CASSLRDSNEQFF,2,0,0
CASSQDPTSSEQFF,0,4,0
CASSQTGDQYEQYF,12,0,0
CASSLGLADNEQFF,2,0,0
CATQSRGSHNSPLHF,1,0,0
CSANLAGRYEQYF,13,0,0
CASRRDRASEETQYF,0,1432,0
CASSLGQAYEQYF,33,0,0
CASSRDSTGNEQFF,0,1,0
CASSRDTVAADKQYF,0,3,0
CASSPIPGDEQYF,0,2051,0
CASSYSIRRDRPQHF,0,1,0
CSVEAYREQYF,26,0,0
CACGDLNAEAFF,1,0,0
CASSLLAPLQSTDTRYF,1,0,0
CAVRVNRDDKIIF,6,0,0
CASSLSAPLQSTDTQYF,1,0,0
CASSLEGGTEAFF,0,0,38
CASGYSIRGDQPRHF,0,2,0
CSATPHYEQYF,200,0,0
CAGQGYEQYF,1,0,0
CSVEGSGANVLTF,85,0,0
CAVLDDKIIF,43,0,0
CASSHRGVLSGGEDYNEQFF,112,0,0
CSARPDWSPDTQYF,7,0,0
CSVEDWTAGNTIYF,40,0,0
CAGQLTRHGGNQGNLIF,73,0,0
CASSLRGHFYEQYF,22,0,0
CASSDTDRVPEAFF,17,0,0
CAGQLARHGGSQGNLIF,5,0,0
CASSFRGSGTEAFF,94,0,0
CASSSLAPLQSTDTQYF,1,0,0
CASSLSQAGPELYHSPLHF,21,0,0
CATSRQGWTDTQYF,0,0,1
CASSRWTYEQYF,5,0,0
CASTGPGQGPREQFF,0,1681,0
CASSRGASGEETQYF,38,0,0
CASSQGTGSYEQYF,74,0,0
CASRGTITTTDTQYF,53,0,0
CASSLQVGGTYNEQFF,41,0,0
CASSHIGEALNQPQHF,1091,0,0
CASSFMEIRDTDMQYF,4,0,0
CANSLSAPLQSTDTQYF,1,0,0
CASRRGTDTQYF,356,0,0
CSAVEGLTEAFF,0,0,2
CAAQSRGSYNSPLHF,39,0,0
CATSEGQGFGYGYTF,248,0,0
CASSFMEIRDTDVQYF,2,0,0
CASSSTWTGQEQYF,13,0,0
CASTETGFGANEQFF,472,0,0
CASGCSTGDVGWKRPEYF,1,0,0
CASSLTGDAQYF,0,0,4
CAGQLTRHGGSRGNLIF,1,0,0
CSARRTRGDAQYF,0,0,27
CASSPGQTANYGYTF,51,0,0
CARRQGRVLTF,1,0,0
CASSLSFSYEQYF,0,18,0
CASGQDAVAADRQYF,0,92,0
CAGSLLAPPQSTDTQYF,2,0,0
CASTNDGQEAYNEQFF,2,0,0
CAGSTGQPEERYF,0,2,0
CARCGGSYEQYF,1,0,0
CASSQDHGNEQFF,117,0,0
CASSQDAVGTEGQYF,0,0,927
CASSLGWARRIYEQYF,0,19,0
CAVNVRGSKLVF,1,0,0
CAGRLAIRRVLINQPQHF,1,0,0
CASSSTGFEVFF,1,0,0
CATAGTGPYNEQFF,599,0,0
CAGRLTRHRGSQGNFIF,1,0,0
CASSLQGSTEAFF,47,0,0
CASSSSAGAVNTEAFF,5,0,0
CASSLGAAEQYF,9,0,0
CASSNRDRQETQYF,221,0,0
CASSYSREGETQYF,42,0,0
CASSLTSGDSYEQYF,377,0,0
CASSLYLRDKNTEAFF,202,0,0
CASRPRTVHGYTF,26,0,0
CASSLLVPLQGTDTQYF,2,0,0
CASSQDAVAADTQYF,1,0,0
CASSPSGSGANVLTF,36,0,0
CASSQQGQLTEAFF,158,0,0
CASRDLNTEAFF,2,0,0
CASSQDAVAVDKQYF,1,0,0
CASSSTGLPQPQHF,172,0,0
CASSLDRFTEAFF,129,0,0
CASSVATGTFNTEAFF,44,0,0
CASSLVGAYEQYF,28,0,0
CASSLVVGVDTEAFF,16,0,0
CAWSGSSYGQYF,1,0,0
CSAREPAQAWGYTF,0,3890,0
CASSLPGEPQHF,0,3131,0
CASSLTGIGYGYTF,131,0,0
CASSFERGADTQYF,15,0,0
CASSYSIRGDQPTHF,0,44,0
CAVNMVGGSQGNLIF,44,0,0
CASSLLAPLQGTDTQYF,1,0,0
CASSLVMTEAFF,20,0,0
CASSLGTLGNQPQHF,15,0,0
CAGTNRDDKIIF,19,0,0
CAVISNF,25,0,0
CASSQVDAPGDTQYF,75,0,0
CASSLGGYNEQFF,0,43,0
CASKNEGENDEQFF,102,0,0
CACSYSIRGDQPQHF,0,1,0
CASSLAPAQPQHF,265,0,0
CASSQDVAAADKQYF,0,1,0
CAGAQQEIQETHLVF,2,0,0
CASSQAPGQTMTLARNIQYF,0,2111,0
CASSLTPGQGYEQYF,115,0,0
CASSLPAGDETQYF,23,0,0
CAASDGGSQGNLIF,109,0,0
CSARGWLAEETQYF,0,0,2
CASSQGVTYNEQFF,161,0,0
CASSMGQGNTEAFF,97,0,0
CASSPSTTYEQYF,31,0,0
CAAYPRNRDDKIIF,19,0,0
CASSHRGNYNEQFF,57,0,0
CAASRDREAGYGYTF,1,0,0
CATASEGKGTQYF,93,0,0
CASSGDTGRNTEAFF,100,0,0
CASSLEGSTEAFF,0,0,2
CACSPVAGPYEQHF,0,0,1
CASSQYPPSTVATDNEQFF,37,0,0
CAWSRAGEQFF,14,0,0
CASSQEAGDLYNEQFF,284,0,0
CASSVTSGQETQYF,11,0,0
CASSQDAVTADKQYF,0,1,0
CASSLGWAWGIYERYF,1,0,0
CASSDTGIHMDIQYF,59,0,0
CASSYGRTSSYEQYF,93,0,0
CASSRNRVPFSGANVLTF,1281,0,0
CASSYSIREDQPQHF,0,34,0
CASSYSTGDVGWKRPEYF,3898,0,0
CASNTGQPEGQYF,0,1,0
CASSQQGYLNQPQHF,2,0,0
CASKTGTSNQPQHF,0,0,243
CSARGAGHEAFF,30,0,0
CASSSRDGENQPQHF,108,0,0
CASSPGTNYGYTF,155,0,0
CATSRDRGAGYGYTF,5881,0,0
CASPLLSGGSEKLVF,110,0,0
CASSYSVGDNKNTEAFF,74,0,0
CASSFMEIRDIDTQYF,1,0,0
CASSLTGFEAFF,1,0,0
CTSGLLAPLQSTDTQYF,1,0,0
CAYALWGNTPLVF,84,0,0
CASSYGVNTEAFF,0,0,15
CASSPSGDYNEQFF,11,0,0
CASNQDAVAADKQYF,0,2,0
CASSLVDLGANYGYTF,14,0,0
CAAVAGTALIF,22,0,0
CASSFGTGTYEQYF,43,0,0
CAESSVGSQGNLIF,44,0,0
CASSSLKRDTQYF,4,0,0
CASGHSIRGDQPQHF,0,2,0
CASSYPLLAEGPYEQFF,137,0,0
CASAGQQETQYF,137,0,0
CASSTTRAAGQPQHF,0,625,0
CASSPATPTIQETQYF,140,0,0
CASSPGTSSTDTQYF,45,0,0
CASSQVSQGDEQFF,183,0,0
CASSLGANTEAFF,13,0,0
CAVRPGISNF,10,0,0
CASSTRTETNSPLHF,14,0,0
CAIWREQFF,18,0,0
CSASSGTYEQYF,119,0,0
CAFMKHEIPALPVNSPLGLEQDF,2,0,0
CASSHDAVAADKQYF,0,0,1
CATSGLYNEQFF,281,0,0
CASSQSRDRVGYEQYF,17,0,0
CASSTGRPEEQYF,0,1,0
CASSSTGRMNTEAFF,2,0,0
CASTPGRTSGNQETQYF,0,0,48
CASSYSRGGETQYF,35,0,0
CAASARYGGSQGNLIF,121,0,0
CAEISVGQKLLF,1,0,0
CASGTGQPEGQYF,0,1,0
CASSVRDSSTDTQYF,17,0,0
CASSLGTGRNIQYF,132,0,0
CASSRDAMAADKQYF,0,1,0
CASSQAGSSYEQYF,300,0,0
CAVPDAGTALIF,4,0,0
CASSPSRASQETQYF,328,0,0
CSAIPKPSRDRELYSNQPQHF,152,0,0
CASSVDAGGYTDTQYF,37,0,0
CSVNRGRTDTQYF,96,0,0
CASSEDSSYQETQYF,24,0,0
CAISSGTGMEETQYF,0,2828,0
CAVEFDYGGSQGNLIF,716,0,0
CASSLGSEAFF,4,0,0
CASSSRQTNQPQHF,34,0,0
CASSQDEQPQETQYF,0,0,2
CTSSPSGTGYSYEQYF,1,0,0
CASSQDATGFYEQYF,45,0,0
CATTGTGSHEQYF,53,0,0
CASSPDSYGYTF,0,0,3
CAGSQDPTGNERFF,0,2,0
CAWSGGSFEQYF,2,0,0
CASSQDPVTGVQYF,0,0,3141
CASSAGQPEEQYF,0,1,0
CASSLVSYEQYF,496,0,0
CASTPQDGTYEQYF,1,0,0
CASRSGTGHTEAFF,302,0,0
CAYRSPIETDDKIIF,81,0,0
CASSRTRNKDTQYF,0,0,4
CASRQGDEQYF,124,0,0
CAVYGGSQGNLIF,138,0,0
CAGAHGGSQGNLIF,7,0,0
CASRGYEQYF,5094,0,0
CASSPGQTYGYTF,117,0,0
CSVADRVEAFF,129,0,0
CASSYSIRGDRPQHF,0,4,0
CATSDSGLFFF,56,0,0
CASSLALADEQYF,1,0,0
CASGLGRYIANQPQHF,0,0,15
CASSQGDTQYF,241,0,0
CAGSPGPGSNYGCTF,1,0,0
CASRLAIRRVLINQPQHF,4143,0,0
CASRLAIRRVLINQPRHF,3,0,0
CASSFRAGTSGTPQRDEQYF,4,0,0
CASSITGIDEQFF,0,149,0
CASRPIQGGNEQFF,36,0,0
CASSPDSFQETQYF,0,578,0
CASSLHRPGYYGYTF,2,0,0
CASSESWADTQYF,0,0,226
CAWSKGHETQYF,0,0,2
CASSYWQDATYEQYF,0,0,1
CAVRDIIPALPVNSPLGLEQDF,0,0,5
CASSPSVSYEQYF,27,0,0
CAGSQDPTGNEQFF,0,11218,0
CASSQVDRDNSPLHF,0,0,16
CSAMKVTEQYF,128,0,0
CASSSGPGVDEQFF,103,0,0
CASGDLNTEAFF,7251,0,0
CARSGGGYEQYF,2,0,0
CASSLVGGDTDTQYF,78,0,0
CASSASGAGTEAFF,315,0,0
CASSQGSGRNNEQFF,250,0,0
CASSSRSGPYEQYF,0,0,20
CASSFGGYEQYF,1,0,0
CASSIPGTEAFF,1,0,0
CASSQESLTDTQYF,0,2,0
CAWNGQSEAFF,0,0,2
CASSIQARGNQPQHF,31,0,0
CASSSLTNEQFF,695,0,0
CASSPQDGTYEQYF,3723,0,0
CASSLSLAATNYGYTF,7,0,0
CASSFRRDRGTNEQFF,10,0,0
CASSFGTDTQYF,47,0,0
CASSLVTGLQETEAFF,100,0,0
CASSPGPGSNYGYTF,1142,0,0
CAERDGGFKTIF,0,21,0
CASSLDAVATDKQYF,0,0,4
CASSTTGLTYEQYF,11,0,0
CASSPTSGAPNEQFF,1,0,0
CASSWGQGSYEQYF,2,0,0
CAYRSADRDDKIIF,11,0,0
CASSVAIDYGYTF,340,0,0
CASSRWTDTQYF,0,0,247
CALKWRVDKIIF,35,0,0
CASSRLPGSQETQYF,230,0,0
CASSQDAAAADKQYF,0,57,0
CASSKAPSDREDNEQFF,1180,0,0
CATSRVPTGYTDTQYF,242,0,0
CASSQAQGTGNTIYF,3,0,0
CASSTGPYEQYF,0,1,0
CASSLGTYYEQYF,2106,0,0
CATSRDASLNNEQFF,33,0,0
CASSPAASYNEQFF,0,3922,0
CASRAAGRNTEAFF,68,0,0
CASSPALSEPNTEAFF,2,0,0
CAASTPNF,43,0,0
CASSFMEIRDTDMRYF,2,0,0
CAGSRDAVAADKQYF,0,1,0
CASSDTDIVNGYTF,581,0,0
CASSFMISYEQYF,1,0,0
CASSQGGTATYEQYF,5,0,0
CASSLRGRFYEQYF,18,0,0
CASSLGLAYEQYF,96,0,0
CASSLSGGTTEAFF,0,0,1
CSARQNYGYTF,13,0,0
CSVVVAGDYGYTF,130,0,0
CASSLGRLAYNEQFF,57,0,0
CATRGYSSADTQYF,2,0,0
CASSYSIRGGQPQHF,0,2,0
CATEATSGGTDTQYF,128,0,0
CASSEYSVGTDTQYF,166,0,0
CAYSGAGSYQLTF,77,0,0
CASSFQDWDTQYF,44,0,0
CASTSHLEQFF,35,0,0
CANSQDPTGNEQFF,0,1,0
CAGQLTRHGGDQGNLIF,1,0,0
CSARLLAGRSYQETQYF,1,0,0
CASISDRGRTQYF,5,0,0
CSVAGAPGVTDTQYF,387,0,0
CSASRKQGGLEQYF,1,0,0
CASSLEAWDTEAFF,64,0,0
CAAPYNQAGTALIF,0,0,5
CASSDGIRSYGYTF,401,0,0
CASTNDGQRAYNEQFF,4,0,0
CASSQQLGNDEQYF,1,0,0
CAYRSYGGSQGNLIF,131,0,0
CAGTYKVDMNTEAFF,0,37,0
CASSYGGTSSYEQYF,161,0,0
CASSSTTEEYF,18,0,0
CASSRNGNQPQHF,544,0,0
CASNLLVPLQSTDTQYF,1,0,0
CAWSAYGPPWDGYTF,170,0,0
CANSPIPGDKQYF,0,1,0
CAVRGTPLVF,0,0,4
CASGYSIRGGQPQHF,0,3,0
CASSSDSDRGYEQYF,31,0,0
CASSLIAVQGGSGTGAFF,1,0,0
CASSSSSPTEAFF,6,0,0
CASSTRRPEEQYF,0,1,0
CASSYGETSSYEQYF,20,0,0
CASRRQGLVDTQYF,15,0,0
CASSHHQTDRVYEQFF,33,0,0
CASFSGTYEQYF,129,0,0
CASSHRTGQETQYF,256,0,0
CASSFQGTSSYEQYF,98,0,0
CANSQDPTGNERFF,0,2,0
CASSPRWTQDTEAFF,174,0,0
CASSQDGIATYEQYF,1,0,0
CASSQEWYRTNEQFF,108,0,0
CAASRDDKIIF,4,0,0
CASRNWDVSNTEAFF,28,0,0
CAEILNRDDKIIF,25,0,0
CALSVGSSNTGKLIF,0,0,750
CASSPSGTGYSYEQYF,2859,0,0
CASSGQGIPYEQYF,0,0,2
CASSFRAGTSGTPKRDEQYF,1362,0,0
CASGTGQAEEQYF,0,1,0
CASKGTYGYTF,0,0,33
CASSLGDEANEQFF,0,0,268
CASSQGQGPYGYTF,1,0,0
CAITTSLGYEQYF,0,0,14
CATQSRGSYNSPLHF,6517,0,0
CASSSWTNQETQYF,74,0,0
CASSPDGFPDTQYF,7,0,0
CASRLAIRRVLVNQPQHF,3,0,0
CASSPVSGANVLTF,48,0,0
CATIRETQYF,0,0,4
CASSYSIRGDRPQYF,0,1,0
CASSFVPYEQYF,10,0,0
CAWSQESSYNEQFF,18,0,0
CALGLSSNTGKLIF,361,0,0
CAVSEGSQGNLIF,13,0,0
CSAGLPRDPGNSPLHF,89,0,0
CASTDNFYGYTF,66,0,0
CASRAYGYTF,446,0,0
CASSYGQWDTEAFF,13,0,0
CASSHQAGTEYGYTF,131,0,0
CASSQEVQEAYGYTF,0,0,4
CASSLLPQGSDEQYF,0,0,120
CASRSAIRRVLINQPQHF,1,0,0
CASSFMVIRDTDMQYF,1,0,0
CASSFVTTGDTQYF,22,0,0
CASSFRDSSYNEQFF,1,0,0
CASSYSQLETDNEQFF,29,0,0
CATQGGSEKLVF,39,0,0
CASSLSADYGYTF,241,0,0
CASSSGRKPYNEQFF,622,0,0
CASSPRDPANSPLHF,11,0,0
CANSQDAVAADRQYF,0,18,0
CSVYLTGSRQETQYF,42,0,0
CASSQDSTGNERFF,0,1,0
CAASGNTPLVF,31,0,0
CAVDGDQAGTALIF,7,0,0
CASSLSWGGTEAFF,49,0,0
CASRSGTAYNEQFF,508,0,0
CASSQDMVAADKQYF,0,3,0
CASSEVGRGSLTEAFF,4,0,0
CAVSLSDTGKLIF,10,0,0
CASSQVQGTGNTVYF,3,0,0
CASSLSGTGAYEQYF,101,0,0
CAWSGDSYEQYF,1,0,0
CASSLAISSTDTQYF,18,0,0
CASSQAPGQTMTLAKSIQYF,250,0,0
CASSHIGRALNQPQHF,334,0,0
CAWSEGLWDGYTF,10883,0,0
CASSFEETQYF,9,0,0
CASSQVRTSGTRTDTQYF,0,0,14
CASSLDLTEAFF,142,0,0
CASSSHDLSGDYGYTF,0,4376,0
CASSYRRDTVTDTQYF,16,0,0
CASSTGQLEEQYF,0,2,0
CASSQDAVVADKQYF,0,4,0
CASSPPGQGRNEQFF,2,0,0
CASSYSIGEDQPQHF,0,1,0
CASSQDPIGNEQFF,0,1,0
CAARPFLISNF,0,0,1
CATYAGGDSDTQYF,0,439,0
CTSSLMAVQDGSGTEAFF,1,0,0
CATSDRDGDEQFF,95,0,0
CSAITTLTYNEQFF,14,0,0
CAVGYNTDKLIF,9,0,0
CAWSGGSYEQFF,1,0,0
CASSPGGYNEQFF,20,0,0
CATSDRDQPQHF,19,0,0
CAYRSRLLTQGGSEKLVF,20,0,0
CASSKRAGGENTEAFF,552,0,0
CASSHNRVVYEQYF,0,3859,0
CAGSTRQPEEQYF,0,1,0
CAWSGDSYAQYF,0,2,0
CASSFGSGDEAFF,15,0,0
CAVRANQAGTALIF,0,0,1
CAWHRGSYEQYF,170,0,0
CASSQDGDNEQFF,393,0,0
CASSPPGTGRRYEQYF,10,0,0
CASSQDAVAADKQHF,0,2,0
CASSTEQPEEQYF,0,40,0
CASSRPARHRINQPQHF,2,0,0
CAENENQAGTALIF,25,0,0
CASSLLAPLQGTDTRYF,1,0,0
CASSLGRGTDTQYF,83,0,0
CASSQDAVAADRQYF,0,15,0
CASSQGLFTDTQYF,0,522,0
CASSCSIRGDQPKHF,0,1,0
CASSDRARLYEQYF,12,0,0
CASSMGRPEEQYF,0,2,0
CASSVLSSDEQYF,67,0,0
CAMRERRDDKIIF,175,0,0
CASYGTSGYNEQFF,75,0,0
CASSTETGYYEQYF,6,0,0
CASSFRTVNTEAFF,10,0,0
CASSQDAWAADKQYF,0,15,0
CAGSLVLANEQYF,1,0,0
CSATGTELRGQYF,109,0,0
CAFANQAGTALIF,27,0,0
CASSTGQPEERHF,0,3,0
CAGSSIAVQDGSGTEAFF,1,0,0
CSANPGTGYNEQFF,38,0,0
CASSQDPLELNEQFF,0,0,18
CAGSQIRGSGANVLTF,0,1,0
CAVRDIIPALPVNSPMGLEQDF,0,0,5
CASSLTGQGGSYEQYF,0,0,20
CAISVGDRKEHNEQFF,1,0,0
CAGSLSAPLQSTDTQYF,1,0,0
CASSQDGTATYERYF,0,16,0
CASSLGRQIYNSPLHF,4602,0,0
CTSRLAIRRVLINQPQHF,1,0,0
CATSRGRMNTEAFF,129,0,0
CAIRGYSSVDTQYF,1,0,0
CASSPSTDTQYF,37,0,0
CASGQDLTGNEQFF,0,1,0
CAGIEQGTQYF,0,4,0
CASSVTSNSNQPQHF,246,0,0
CASSSLGGWQYF,69,0,0
CSARVEGHNEQFF,56,0,0
CAWNGDSYEQYF,1,0,0
CASIEQEAQYF,0,2,0
CARSGRSYEQYF,1,0,0
CASSQRTGINTEAFF,535,0,0
CSVEWQNNEQFF,42,0,0
CATLEEGFTGYTF,159,0,0
CASSLEANTEAFF,14,0,0
CATSKGNQPQHF,60,0,0
CASSQGAVAADRQYF,0,12,0
CAKLDNTDKLIF,1,0,0
CASSWSGELFF,0,0,11
CASSYWDNYEQYF,0,0,1
CASSFAGLQTQYF,72,0,0
CASSSQGHSNQPQHF,51,0,0
CAASGKNQGGSEKLVF,55,0,0
CASSLDLQFNWQITAGNEQFF,0,0,25
CASSLRANTEAFF,59,0,0
CASSPTEEQFF,0,0,135
CASSLGTSNEQFF,25,0,0
CASSRGAVAADKQYF,0,23,0
CASSSTGLSPLHF,5,0,0
CASSYEGTSSYEQYF,68,0,0
CASSQDAVVADKRYF,0,3,0
CASSLSGRLPEETQYF,0,3,0
CASSLDGAGFWGYTF,4,0,0
CASNYSIRGGQPQHF,0,1,0
CASSSGYEQYF,8,0,0
CASSLEDTPGYGYTF,41,0,0
CASSLVLANEQYF,3621,0,0
CASSPTREAQDQSAQHF,2,0,0
CAIRGYSSTDTQYF,274,0,0
CASSPRDGTFEQYF,1,0,0
CARSLLAPLQSTDTQYF,2,0,0
CASSYRGTSSYEQYF,7623,0,0
CASTSLGITEAFF,7,0,0
CATSNYGVYEQYF,50,0,0
CASRGHYLNYYEQYF,28,0,0
CASSPGSSGVHEAFF,0,0,189
CASSSVAGFHNEQFF,7,0,0
CASSYSIRGDQPQHF,0,80551,0
CARVHSGNTPLVF,5,0,0
CASSYPYTEAFF,288,0,0
CASRLAVRRVLINQPQHF,1,0,0
CASSPPERPATDTQYF,7,0,0
CAWSGSSYEQYF,1,0,0
CATSDSGPRNGDSPLHF,102,0,0
CASSDTDRGYNSPLHF,119,0,0
CASSLALGYEQYF,45,0,0
CAVDILGGSQGNLIF,195,0,0
CASGQDAAAADKQYF,0,4,0
CSAPNSGNYGYTF,18,0,0
CASSQVYMNTEAFF,164,0,0
CASGPSGTGCSYEQYF,2,0,0
CSAKPAGAPNTEAFF,13,0,0
CASSVVGTGLHEQFF,21,0,0
CASSDGPSTGELFF,48,0,0
CTSSYSIRGDRPQHF,0,1,0
CAACYGGSQGNLIF,168,0,0
CASSLAGLNQPQHF,0,2148,0
CAGQLTRHGGSQGNFIF,2,0,0
CAVSNFNKFYF,103,0,0
CARSQDGTATYERYF,0,1,0
CASSLGPGLNTEAFF,0,0,386
CASSRDAVAADRQYF,0,12,0
CASSDPLRSGQETQYF,10,0,0
CASSQVQGTGNTIYF,9,0,0
CASREGSEQYF,53,0,0
CASSYIDNQETQYF,0,0,2
CASSLGTNTEAFF,20,0,0
CSATGQALRGYTF,78,0,0
CASSQDPAGLDTQYF,0,0,342
CASSSEPGLQETQYF,11,0,0
CASSLEGYNEQFF,0,18,0
CASSKEGRSYYEQYF,61,0,0
CASSPREGNTEAFF,0,0,58
CASGYQETQYF,12,0,0
CASSYGPGNEQFF,23,0,0
CASSRGTGFNQPQHF,81,0,0
CAASPNTGKLIF,0,0,14
CASRLAIRRVLINQPTHF,1,0,0
CASSPSVTGYSYEQYF,1,0,0
CASSQGPTGNEQFF,0,0,4
CASSCSIRGDRPQHF,0,2,0
CASSQAPDRGNTQYF,167,0,0
CASSYSAGGVGWKRPEYF,1,0,0
CASSTRQPEGQYF,0,2,0
CASSHVYSSYEQYF,185,0,0
CASSQGRTDTQYF,0,9046,0
CTSSQDGTATYEQYF,0,1,0
CASSRFDREAFF,29,0,0
CANSRDAVAADKQYF,0,2,0
CASSLTLGSTDTQYF,2290,0,0
CASSSLLGSNQPQHF,0,57,0
CASSYGTGDNQPQHF,53,0,0
CASSLVGLAHNEQFF,22,0,0
CASSDSDRDYGYTF,55,0,0
CASTNDGQGAYNEQFF,10,0,0
CASSPGQGPGANVLTF,1021,0,0
CASSQDVVAADKQYF,1,0,0
CAVDNQGGKLIF,2,0,0
CASSQIGQNSPLHF,0,3002,0
CSVEDGRESYEQYF,0,1,0
CARSQVQGTGNTIYF,13,0,0
CAVRRPVSINQAGTALIF,3,0,0
CASSLGQRGHNYGYTF,38,0,0
CASSLWRGGTDTQYF,813,0,0
CASHTDRASYNEQFF,0,0,177
CAAVSEKLVF,0,0,9
CASSHIGGALNQPQHF,96,0,0
CASSYSIRGDQPRHF,0,2,0
CASSRDRVSDTQYF,35,0,0
CSARDGTGDSGYTF,122,0,0
CASSLDSNQPQHF,1,0,0
CAGQLTGHGGSQGNFIF,1,0,0
CSAPDTGNSRDQYF,18,0,0
CASSFHETQYF,32,0,0
CSASKEVDSNQPQHF,48,0,0
CASSQDLKGTAHSYEQYF,17,0,0
CAISESWGTEAFF,42,0,0
CASSSIAVQDGSGTEAFF,1,0,0
CASSAGTLGNEQFF,75,0,0
CASSLAGTSPLHF,195,0,0
CASNQDSTATYEQYF,0,2,0
CAESQAGTALIF,237,0,0
CASSYSPDERDNSPLHF,0,0,46
CASSYAGPKAPLHF,7,0,0
CASSRDAVAVDKQYF,0,26,0
CASSERQGGNYGYTF,0,0,35
CASSLEGNNEQFF,298,0,0
CAGQLTGHGGGQGNLIF,1,0,0
CASSYSGEQYF,60,0,0
CAWSEGLRGGYTF,1,0,0
CAVSWANQAGTALIF,152,0,0
CAYRNRDDKIIF,107,0,0
CSARDRLAKAYEQYF,140,0,0
CSAQSSGGSYEQYF,60,0,0
CASSSRSSPEQYF,10,0,0
CAVTDKLIF,0,0,1
CASTLGSGASTEAFF,6281,0,0
CASGLVLANERYF,3,0,0
CASSMGQPEERYF,0,2,0
CASSFRQGPETQYF,170,0,0
CASSHLGLGAEAFF,329,0,0
CATKRGEQFF,117,0,0
CASSQETGFYGYTF,215,0,0
CASSQGGNYGYTF,30,0,0
CASSSYGTLDGYTF,1,0,0
CASSFNSYTEAFF,67,0,0
CATSWTGSSYNEQFF,251,0,0
CAGQLTRHGGSQGDLIF,1,0,0
CASSTGRPKEQYF,0,1,0
CASSRDAAAADKQYF,0,1,0
CASSTNPGNGYTF,82,0,0
CASTGTRESFF,0,50,0
CASSSTGFEALF,1,0,0
CASSLAATGNYEQYF,3,0,0
CASSLGTGRDTEAFF,24,0,0
CASSLAAGRQDEQFF,118,0,0
CASSFGSQPQHF,52,0,0
CATSRAKMDFPSSYEQYF,130,0,0
CASSELGLANEQFF,4,0,0
CAYGGSQGNLIF,432,0,0
CASSTGQPEEQYF,0,59247,0
CASSINLAGQPQHF,0,0,1792
CASSSNRDTQYF,76,0,0
CASVEQETQYF,0,1,0
CASSQDSQETGHVDTQYF,48,0,0
CASSKDAVAADKQYF,0,4,0
CASRGWSGTEAFF,15,0,0
CAGSQDPTGNEQIF,0,0,1
CASSINHAGQPQHF,0,0,1
CASSQIQGTGNTIYF,8333,0,0
CASSLGDNNEQFF,96,0,0
CASKPKNTEAFF,78,0,0
CASSATGFSYEQYF,216,0,0
CAGSYSIKGDQPQHF,0,2,0
CASSLGPDQPQHF,19,0,0
CASSLDGAYEQYF,5,0,0
CASSQDVGTGVQPQHF,126,0,0
CASTYKVDMNTEAFF,0,487,0
CASSARQGNTEAFF,15,0,0
CASSGRAYGYTF,46,0,0
CASSQDPVTGVQHF,0,0,1
CASSESGLSARLEQYF,63,0,0
CAISDGEDPYGYTF,94,0,0
CASSLAVRDYEQYF,120,0,0
CASSPRTRDRDGYTF,0,149,0
CAYTFNF,0,0,1
CASSSTDSNQPQHF,12,0,0
CASSTGTSQEQYF,15,0,0
CASSSGGPYNEQFF,132,0,0
CASSQELSGVTGEYEQYF,64,0,0
CAGQLTRHGRSQGNLVF,2,0,0
CASSFAGLTYEQYF,10,0,0
CASSPGPESNYGYTF,1,0,0
CASSQDEFRDRKETQYF,257,0,0
CASSPINEQFF,324,0,0
CASGQVQGTGNTIYF,3,0,0
CASGQDAVAADKQHF,0,2,0
CASSTSTGSSYGYTF,80,0,0
CAISVGDRREHNEQFF,1601,0,0
CASSLIAARYEQYF,81,0,0
CASGQDPTGNEQFF,0,6,0
CASSQALTGTGTINTEAFF,5,0,0
CASGQDPTGNEQLF,0,4,0
CASSQGARGDEQFF,0,0,6
CASSPQDGTYGQYF,1,0,0
CASSSLTNERFF,2,0,0
CASSPLDWLQETQYF,22,0,0
CASSSRTSGVHNEQFF,74,0,0
CASSLDRVYGYTF,7,0,0
CASRLVIRRVLINQPQHF,3,0,0
CASSHRGINSYEQYF,14,0,0
CSARETRREQFF,289,0,0
CASSQDLTGSEQFF,0,2,0
CASSYSIRGDQLQHF,0,1,0
CASSLLVPLQSTDTQYF,47,0,0
CASSFMEIRDTDTQYF,5288,0,0
CAPMNYGGSQGNLIF,202,0,0
CASGQDAVAADKQYF,0,1,0
CASSYPLLAGRPYEQFF,333,0,0
CASSYSTRGDRPQHF,0,5,0
CASRLAIRRVSINQPQHF,3,0,0