CDR3,DH_MelA+_TCRb_t02,GD_MelA+_TCRb_t02,JH_MelA+_TCRb_t02,JR_MelA+_TCRb_t02,MP_MelA+_TCRb_t02,P03_MelA+_TCRb_t02
CASSPHSGTSVEQYF,16539,13,2652,158,0,41035
CASSFGVLTDTQYF,6982,22,0,0,0,75
CASRPLGQPNEQFF,82,0,0,4,0,1213
CASSFGGYEQYF,0,0,128,3,0,284
CAITTSLGYEQYF,1,0,0,922,14,0
CASSHSGTYEQYF,1,0,5306,9,0,0
CAVGNTPLVF,10043,0,0,5,0,140
CASNPGQGQPQHF,256,0,38,0,0,4979
CASRLGRGPGNQPQHF,2,0,0,4,0,292
CASSRTGTSNYEQYF,1,0,0,2,0,62
CSVTSGSLETQYF,1,0,241,2,0,0
CASSAGVLTDTQYF,2323,940,0,0,0,0
CASSQQGLGNTIYF,0,13364,0,4,0,0
CASSPVNSNQPQHF,2,0,10229,0,0,0
CAGSPHSGTSVEQYF,41,0,0,0,0,1
CSAREGVGQPQHF,14,0,0,0,0,255
CAVPFTGKLIF,1,0,0,186,0,0
CASSSTSGPFTDTQYF,84373,0,0,0,0,92
CASSEDPGQFYEQYF,3277,0,0,0,0,1664
CATSRRPGDTQYF,63,247,0,0,0,0
CASKGVLLYEQYF,2,0,0,459,0,0
CASSMSSIGQPQHF,1,0,0,377,0,0
CASSTPGQGQPQHF,947,2388,0,0,0,0
CAVNRNYGGSQGNLIF,4,0,0,0,0,148
CASSQDPTGNEQFF,2,0,0,0,1214,0
CASSRLGNTEAFF,3,0,0,1023,0,0
CSARPHHNEQFF,0,0,1212,1,0,0
CAVLRDDKIIF,1,0,0,0,0,1688
CASSLLGLGTEAFF,5,917,0,0,0,0
CSARDPRGWETQYF,26,0,0,12035,0,0
CASSPGVLVADTQYF,7,0,0,0,0,385
CASRDQPGLAVYNEQFF,1282,3936,0,0,0,0
CSARVGTYEQYF,3312,0,0,0,0,112
CASSFGTQTGEQYF,0,0,1731,2,0,0
CASSQAGVGTEAFF,1,0,0,0,0,97
CASMLAALSSYNEQFF,1,0,0,0,0,401
CATTPSGSIYEQYF,0,0,2692,3,0,0
CSVDTRGNYGYTF,20,2913,0,0,0,0
CASSYGQGADTQYF,4,1228,0,0,0,0
CASSEAILQETQYF,1,0,0,0,0,137
CASSQDAVAADKQYF,0,0,0,1,2180,0
CASSLEGASIYEQYF,125,0,0,0,0,51
CAVRPSNF,0,0,321,6,0,0
CASSYGGEQFF,0,0,559,0,0,80
CASSAWVGSNQPQHF,0,0,0,1,0,30
CASRRDTQYF,1,0,3093,0,0,0
CASSSPNLPYEQYF,10229,0,0,1,0,0
CASSQVGPMNTEAFF,11,0,0,0,0,56
CASSSTGYQETQYF,1,0,0,0,0,74
CASGPGMGQPQHF,11,2301,0,0,0,0
CASSLRGQGWNEQFF,2,0,27683,0,0,0
CASSWVGTGDYNEQFF,2,0,0,4316,0,0
CASSQGPLADEQFF,0,1804,0,2,0,0
CAAAIDF,1,0,0,0,0,1
CAPKEGSQGNLIF,0,0,922,0,0,101
CAISQFAGTPSIEQFF,1,0,0,0,0,28
CASSLSPIFGDGYTF,0,0,0,9,0,3230
CASSEGFYNEQFF,0,0,0,4,0,635
CAGARKIPALPVNSPLGLEQDF,12,0,0,0,0,6
CASSPTGTASYEQYF,0,3648,0,1,0,0
CSVLQGPYEAFF,0,0,0,1,0,103
CASSPLWEKPYEQYF,0,0,554,1,0,0
CASSLSGRLPEETQYF,8,0,0,6240,0,0
CASSLGAVLGDTQYF,2,44,0,0,0,0
CAVRVDF,1,0,0,0,0,362
CASSLSFTLAGDTYNEQFF,665,87,0,0,0,0
CAWSVSGLGYGYTF,8,34,0,0,0,0
CASSEATASANEQFF,4,1073,0,0,0,0
CASSSGLGTEQFF,1,6164,0,0,0,0
CASSPSGPWIGYTF,17055,0,0,0,0,44
CASSSYGTLDGYTF,1,0,0,682,0,0
CASSSHWVISTDTQYF,0,0,0,1,0,246
CRAGSTGFVLGLQAVSTDTQYF,0,61,216,0,0,0
CASSLGFMVRETQYF,6,7317,0,0,0,0
CASNPARHTEAFF,0,0,4511,2,0,0